city,lat,lng,country,iso2,admin_name,capital,population,population_proper,latitude,longitude,generationtime_ms,utc_offset_seconds,timezone,timezone_abbreviation,elevation,daily_units,daily
Ad Dakhla,23.7167,-15.95,Morocco,MA,Dakhla-Oued Ed-Dahab,,165463,165463,23.725834,-15.966187,7.063865661621094,3600,Africa/El_Aaiun,GMT+1,12.0,"{'time': 'iso8601', 'temperature_2m_max': '°C', 'temperature_2m_min': '°C', 'precipitation_sum': 'mm', 'precipitation_probability_max': '%', 'wind_speed_10m_max': 'km/h', 'wind_gusts_10m_max': 'km/h', 'weather_code': 'wmo code'}","{'time': ['2026-09-15', '2026-09-16', '2026-09-17', '2026-09-18', '2026-09-19', '2026-09-20', '2026-09-21'], 'temperature_2m_max': [24.1, 23.2, 22.0, 21.2, 21.0, 21.2, 21.5], 'temperature_2m_min': [22.5, 22.0, 20.2, 20.2, 19.8, 19.4, 19.2], 'precipitation_sum': [0.0, 0.0, 0.0, 0.0, 0.0, 0.0, 0.0], 'precipitation_probability_max': [20, 0, 0, 0, 0, 3, 12], 'wind_speed_10m_max': [31.8, 35.3, 40.5, 39.6, 30.2, 32.6, 28.7], 'wind_gusts_10m_max': [39.2, 43.9, 51.5, 49.3, 39.2, 40.3, 41.0], 'weather_code': [1, 0, 2, 0, 0, 0, 0]}"
Ad Darwa,33.4167,-7.5333,Morocco,MA,Casablanca-Settat,,96619,96619,33.4375,-7.5625,1.4617443084716797,3600,Africa/Casablanca,GMT+1,180.0,"{'time': 'iso8601', 'temperature_2m_max': '°C', 'temperature_2m_min': '°C', 'precipitation_sum': 'mm', 'precipitation_probability_max': '%', 'wind_speed_10m_max': 'km/h', 'wind_gusts_10m_max': 'km/h', 'weather_code': 'wmo code'}","{'time': ['2026-09-15', '2026-09-16', '2026-09-17', '2026-09-18', '2026-09-19', '2026-09-20', '2026-09-21'], 'temperature_2m_max': [33.4, 27.7, 27.5, 28.0, 30.3, 37.4, 34.5], 'temperature_2m_min': [21.0, 19.8, 19.1, 17.4, 17.5, 21.8, 22.3], 'precipitation_sum': [0.0, 0.0, 0.0, 0.0, 0.0, 0.0, 0.0], 'precipitation_probability_max': [0, 0, 0, 3, 2, 3, 0], 'wind_speed_10m_max': [16.3, 16.7, 15.5, 17.1, 16.9, 21.2, 19.2], 'wind_gusts_10m_max': [32.4, 32.8, 31.0, 33.1, 33.1, 40.3, 36.7], 'weather_code': [2, 2, 3, 3, 45, 2, 2]}"
Agadir,30.4214,-9.5831,Morocco,MA,Souss-Massa,admin,538000,538000,30.4375,-9.5625,0.2673864364624023,3600,Africa/Casablanca,GMT+1,60.0,"{'time': 'iso8601', 'temperature_2m_max': '°C', 'temperature_2m_min': '°C', 'precipitation_sum': 'mm', 'precipitation_probability_max': '%', 'wind_speed_10m_max': 'km/h', 'wind_gusts_10m_max': 'km/h', 'weather_code': 'wmo code'}","{'time': ['2026-09-15', '2026-09-16', '2026-09-17', '2026-09-18', '2026-09-19', '2026-09-20', '2026-09-21'], 'temperature_2m_max': [34.7, 38.3, 30.3, 26.8, 27.4, 29.7, 39.2], 'temperature_2m_min': [26.7, 24.7, 20.9, 20.4, 20.8, 21.3, 24.4], 'precipitation_sum': [0.0, 0.0, 0.0, 0.0, 0.0, 0.0, 0.0], 'precipitation_probability_max': [5, 0, 0, 0, 0, 0, 0], 'wind_speed_10m_max': [8.7, 18.4, 15.8, 13.7, 12.2, 13.8, 16.7], 'wind_gusts_10m_max': [31.7, 41.8, 45.7, 38.2, 36.0, 28.4, 34.9], 'weather_code': [3, 0, 3, 2, 2, 45, 1]}"
Aguelmous,33.1324,-5.8366,Morocco,MA,Béni Mellal-Khénifra,,36560,36560,33.125,-5.8125,0.3499984741210937,3600,Africa/Casablanca,GMT+1,1156.0,"{'time': 'iso8601', 'temperature_2m_max': '°C', 'temperature_2m_min': '°C', 'precipitation_sum': 'mm', 'precipitation_probability_max': '%', 'wind_speed_10m_max': 'km/h', 'wind_gusts_10m_max': 'km/h', 'weather_code': 'wmo code'}","{'time': ['2026-09-15', '2026-09-16', '2026-09-17', '2026-09-18', '2026-09-19', '2026-09-20', '2026-09-21'], 'temperature_2m_max': [33.0, 29.6, 29.2, 29.3, 32.0, 34.0, 32.4], 'temperature_2m_min': [21.1, 16.5, 15.7, 15.2, 16.1, 20.7, 20.2], 'precipitation_sum': [0.0, 0.0, 0.0, 0.0, 0.0, 0.3, 0.6], 'precipitation_probability_max': [0, 0, 10, 15, 13, 2, 8], 'wind_speed_10m_max': [21.6, 17.5, 19.0, 16.7, 16.4, 20.5, 13.3], 'wind_gusts_10m_max': [42.5, 34.6, 38.5, 33.5, 37.1, 40.0, 29.2], 'weather_code': [3, 2, 3, 3, 3, 3, 3]}"
Ain El Aouda,33.8111,-6.7922,Morocco,MA,Rabat-Salé-Kénitra,,98502,98502,33.8125,-6.8125,0.2448558807373047,3600,Africa/Casablanca,GMT+1,225.0,"{'time': 'iso8601', 'temperature_2m_max': '°C', 'temperature_2m_min': '°C', 'precipitation_sum': 'mm', 'precipitation_probability_max': '%', 'wind_speed_10m_max': 'km/h', 'wind_gusts_10m_max': 'km/h', 'weather_code': 'wmo code'}","{'time': ['2026-09-15', '2026-09-16', '2026-09-17', '2026-09-18', '2026-09-19', '2026-09-20', '2026-09-21'], 'temperature_2m_max': [31.7, 27.2, 26.9, 28.3, 31.7, 37.9, 33.7], 'temperature_2m_min': [20.0, 18.5, 17.0, 15.2, 15.4, 19.5, 20.9], 'precipitation_sum': [0.0, 0.0, 0.0, 0.0, 0.0, 0.0, 0.0], 'precipitation_probability_max': [0, 0, 0, 3, 3, 3, 3], 'wind_speed_10m_max': [17.6, 19.7, 16.5, 14.5, 15.5, 17.4, 17.5], 'wind_gusts_10m_max': [34.6, 39.2, 32.8, 28.8, 31.7, 33.1, 33.5], 'weather_code': [0, 2, 3, 45, 45, 2, 45]}"
Ait Ali,30.1739,-9.4881,Morocco,MA,Souss-Massa,,113236,113236,30.1875,-9.5,5.005598068237305,3600,Africa/Casablanca,GMT+1,90.0,"{'time': 'iso8601', 'temperature_2m_max': '°C', 'temperature_2m_min': '°C', 'precipitation_sum': 'mm', 'precipitation_probability_max': '%', 'wind_speed_10m_max': 'km/h', 'wind_gusts_10m_max': 'km/h', 'weather_code': 'wmo code'}","{'time': ['2026-09-15', '2026-09-16', '2026-09-17', '2026-09-18', '2026-09-19', '2026-09-20', '2026-09-21'], 'temperature_2m_max': [36.0, 31.9, 27.2, 27.0, 27.3, 28.4, 37.0], 'temperature_2m_min': [25.8, 22.4, 21.0, 20.2, 20.5, 20.6, 22.2], 'precipitation_sum': [0.0, 0.0, 0.0, 0.0, 0.0, 0.0, 0.0], 'precipitation_probability_max': [0, 0, 0, 0, 0, 0, 0], 'wind_speed_10m_max': [19.5, 25.3, 26.9, 21.9, 22.3, 17.7, 17.0], 'wind_gusts_10m_max': [32.8, 41.0, 44.6, 38.9, 37.4, 30.6, 29.9], 'weather_code': [3, 1, 3, 1, 2, 1, 0]}"
Ait Melloul,30.3342,-9.4972,Morocco,MA,Souss-Massa,,210870,210870,30.3125,-9.5,1.0145902633666992,3600,Africa/Casablanca,GMT+1,24.0,"{'time': 'iso8601', 'temperature_2m_max': '°C', 'temperature_2m_min': '°C', 'precipitation_sum': 'mm', 'precipitation_probability_max': '%', 'wind_speed_10m_max': 'km/h', 'wind_gusts_10m_max': 'km/h', 'weather_code': 'wmo code'}","{'time': ['2026-09-15', '2026-09-16', '2026-09-17', '2026-09-18', '2026-09-19', '2026-09-20', '2026-09-21'], 'temperature_2m_max': [34.5, 30.2, 27.9, 26.9, 26.9, 29.9, 39.5], 'temperature_2m_min': [25.7, 21.8, 21.5, 20.5, 20.9, 20.5, 24.6], 'precipitation_sum': [0.0, 0.0, 0.0, 0.0, 0.0, 0.0, 0.0], 'precipitation_probability_max': [8, 0, 0, 0, 0, 0, 0], 'wind_speed_10m_max': [15.7, 19.5, 18.5, 18.1, 20.4, 13.8, 16.7], 'wind_gusts_10m_max': [31.7, 36.7, 37.1, 36.0, 40.7, 28.4, 34.9], 'weather_code': [3, 1, 3, 3, 3, 1, 1]}"
Ait Ourir,31.5644,-7.6628,Morocco,MA,Marrakech-Safi,,56954,56954,31.5625,-7.6875,0.6598234176635742,3600,Africa/Casablanca,GMT+1,667.0,"{'time': 'iso8601', 'temperature_2m_max': '°C', 'temperature_2m_min': '°C', 'precipitation_sum': 'mm', 'precipitation_probability_max': '%', 'wind_speed_10m_max': 'km/h', 'wind_gusts_10m_max': 'km/h', 'weather_code': 'wmo code'}","{'time': ['2026-09-15', '2026-09-16', '2026-09-17', '2026-09-18', '2026-09-19', '2026-09-20', '2026-09-21'], 'temperature_2m_max': [36.0, 33.0, 28.1, 30.4, 35.2, 38.7, 36.2], 'temperature_2m_min': [24.7, 20.3, 17.9, 17.8, 20.0, 23.4, 22.7], 'precipitation_sum': [0.0, 0.0, 0.0, 0.0, 0.0, 0.0, 0.3], 'precipitation_probability_max': [3, 0, 8, 8, 3, 0, 3], 'wind_speed_10m_max': [16.9, 15.2, 11.0, 10.6, 12.9, 13.0, 15.3], 'wind_gusts_10m_max': [31.7, 28.8, 20.5, 20.9, 22.7, 36.4, 31.0], 'weather_code': [3, 1, 3, 3, 3, 3, 2]}"
Al Aaroui,35.0104,-3.0073,Morocco,MA,Oriental,,46540,46540,35.0,-3.0,0.6077289581298828,3600,Africa/Casablanca,GMT+1,175.0,"{'time': 'iso8601', 'temperature_2m_max': '°C', 'temperature_2m_min': '°C', 'precipitation_sum': 'mm', 'precipitation_probability_max': '%', 'wind_speed_10m_max': 'km/h', 'wind_gusts_10m_max': 'km/h', 'weather_code': 'wmo code'}","{'time': ['2026-09-15', '2026-09-16', '2026-09-17', '2026-09-18', '2026-09-19', '2026-09-20', '2026-09-21'], 'temperature_2m_max': [28.8, 33.4, 27.9, 26.1, 26.6, 27.4, 27.7], 'temperature_2m_min': [18.2, 17.6, 17.3, 20.0, 19.9, 20.9, 18.5], 'precipitation_sum': [0.0, 0.0, 0.0, 0.0, 0.0, 0.0, 0.0], 'precipitation_probability_max': [0, 0, 5, 10, 8, 5, 0], 'wind_speed_10m_max': [16.1, 15.2, 20.5, 21.4, 27.8, 22.7, 24.2], 'wind_gusts_10m_max': [28.4, 28.1, 37.1, 37.4, 49.3, 47.5, 45.7], 'weather_code': [45, 1, 3, 45, 45, 3, 2]}"
Al Fqih Ben Çalah,32.507,-6.6886,Morocco,MA,Béni Mellal-Khénifra,,97380,97380,32.5,-6.6875,2.112269401550293,3600,Africa/Casablanca,GMT+1,438.0,"{'time': 'iso8601', 'temperature_2m_max': '°C', 'temperature_2m_min': '°C', 'precipitation_sum': 'mm', 'precipitation_probability_max': '%', 'wind_speed_10m_max': 'km/h', 'wind_gusts_10m_max': 'km/h', 'weather_code': 'wmo code'}","{'time': ['2026-09-15', '2026-09-16', '2026-09-17', '2026-09-18', '2026-09-19', '2026-09-20', '2026-09-21'], 'temperature_2m_max': [39.6, 35.5, 32.8, 33.5, 38.0, 40.2, 38.9], 'temperature_2m_min': [22.6, 19.8, 16.5, 17.2, 19.5, 25.3, 23.8], 'precipitation_sum': [0.0, 0.0, 0.0, 0.0, 0.0, 0.0, 0.6], 'precipitation_probability_max': [3, 0, 0, 13, 6, 0, 3], 'wind_speed_10m_max': [19.2, 16.9, 13.4, 8.6, 13.5, 19.8, 11.9], 'wind_gusts_10m_max': [36.0, 34.9, 25.2, 18.4, 27.0, 34.6, 23.0], 'weather_code': [2, 0, 3, 3, 2, 3, 3]}"
Al Hoceïma,35.2472,-3.9322,Morocco,MA,Tanger-Tétouan-Al Hoceïma,,50225,50225,35.1875,-3.875,0.3039836883544922,3600,Africa/Casablanca,GMT+1,59.0,"{'time': 'iso8601', 'temperature_2m_max': '°C', 'temperature_2m_min': '°C', 'precipitation_sum': 'mm', 'precipitation_probability_max': '%', 'wind_speed_10m_max': 'km/h', 'wind_gusts_10m_max': 'km/h', 'weather_code': 'wmo code'}","{'time': ['2026-09-15', '2026-09-16', '2026-09-17', '2026-09-18', '2026-09-19', '2026-09-20', '2026-09-21'], 'temperature_2m_max': [26.4, 28.9, 25.9, 26.0, 28.4, 27.8, 27.5], 'temperature_2m_min': [20.2, 19.9, 19.6, 19.2, 18.8, 20.8, 21.2], 'precipitation_sum': [0.0, 0.0, 0.0, 0.0, 0.0, 0.0, 0.0], 'precipitation_probability_max': [0, 0, 5, 8, 8, 5, 3], 'wind_speed_10m_max': [10.8, 12.8, 15.9, 18.2, 26.8, 26.8, 21.9], 'wind_gusts_10m_max': [19.8, 23.8, 28.8, 32.4, 48.2, 53.3, 39.2], 'weather_code': [45, 1, 3, 3, 2, 1, 2]}"
Al Khmissat,33.81,-6.06,Morocco,MA,Rabat-Salé-Kénitra,,131542,131542,33.8125,-6.0625,0.2529621124267578,3600,Africa/Casablanca,GMT+1,425.0,"{'time': 'iso8601', 'temperature_2m_max': '°C', 'temperature_2m_min': '°C', 'precipitation_sum': 'mm', 'precipitation_probability_max': '%', 'wind_speed_10m_max': 'km/h', 'wind_gusts_10m_max': 'km/h', 'weather_code': 'wmo code'}","{'time': ['2026-09-15', '2026-09-16', '2026-09-17', '2026-09-18', '2026-09-19', '2026-09-20', '2026-09-21'], 'temperature_2m_max': [34.8, 31.0, 28.4, 29.7, 34.4, 37.9, 38.2], 'temperature_2m_min': [20.4, 18.1, 16.5, 15.5, 17.5, 21.7, 19.7], 'precipitation_sum': [0.0, 0.0, 0.0, 0.0, 0.0, 0.0, 0.0], 'precipitation_probability_max': [0, 0, 0, 5, 3, 3, 3], 'wind_speed_10m_max': [17.7, 18.2, 15.5, 14.0, 13.8, 19.6, 20.0], 'wind_gusts_10m_max': [36.7, 37.4, 32.0, 29.9, 29.2, 36.4, 36.7], 'weather_code': [0, 1, 3, 45, 3, 2, 2]}"
Al ’Attawia,31.83,-7.31,Morocco,MA,Marrakech-Safi,,38405,38405,31.8125,-7.3125,0.302433967590332,3600,Africa/Casablanca,GMT+1,631.0,"{'time': 'iso8601', 'temperature_2m_max': '°C', 'temperature_2m_min': '°C', 'precipitation_sum': 'mm', 'precipitation_probability_max': '%', 'wind_speed_10m_max': 'km/h', 'wind_gusts_10m_max': 'km/h', 'weather_code': 'wmo code'}","{'time': ['2026-09-15', '2026-09-16', '2026-09-17', '2026-09-18', '2026-09-19', '2026-09-20', '2026-09-21'], 'temperature_2m_max': [36.6, 33.1, 28.7, 30.3, 34.7, 37.9, 35.4], 'temperature_2m_min': [24.7, 19.4, 17.4, 17.5, 19.2, 22.1, 20.4], 'precipitation_sum': [0.0, 0.0, 0.0, 0.0, 0.0, 0.0, 0.9], 'precipitation_probability_max': [5, 0, 8, 10, 4, 3, 5], 'wind_speed_10m_max': [25.8, 17.5, 13.4, 13.0, 14.3, 13.0, 12.2], 'wind_gusts_10m_max': [47.2, 31.3, 25.2, 23.8, 28.8, 23.0, 22.3], 'weather_code': [3, 1, 3, 3, 2, 3, 80]}"
Arfoud,31.4361,-4.2328,Morocco,MA,Drâa-Tafilalet,,28912,28912,31.4375,-4.25,0.4773139953613281,3600,Africa/Casablanca,GMT+1,808.0,"{'time': 'iso8601', 'temperature_2m_max': '°C', 'temperature_2m_min': '°C', 'precipitation_sum': 'mm', 'precipitation_probability_max': '%', 'wind_speed_10m_max': 'km/h', 'wind_gusts_10m_max': 'km/h', 'weather_code': 'wmo code'}","{'time': ['2026-09-15', '2026-09-16', '2026-09-17', '2026-09-18', '2026-09-19', '2026-09-20', '2026-09-21'], 'temperature_2m_max': [37.0, 34.6, 33.2, 33.8, 34.5, 35.5, 36.1], 'temperature_2m_min': [26.5, 24.4, 23.6, 21.2, 23.5, 23.9, 24.7], 'precipitation_sum': [0.1, 0.1, 0.7, 0.0, 0.0, 0.0, 0.0], 'precipitation_probability_max': [8, 3, 23, 25, 21, 9, 10], 'wind_speed_10m_max': [18.4, 12.2, 20.5, 10.8, 15.6, 13.6, 18.0], 'wind_gusts_10m_max': [33.1, 19.4, 33.1, 16.6, 24.1, 22.6, 33.1], 'weather_code': [3, 3, 80, 3, 2, 2, 3]}"
Asilah,35.4667,-6.0333,Morocco,MA,Tanger-Tétouan-Al Hoceïma,,36039,36039,35.5,-6.0,0.3633499145507812,3600,Africa/Casablanca,GMT+1,9.0,"{'time': 'iso8601', 'temperature_2m_max': '°C', 'temperature_2m_min': '°C', 'precipitation_sum': 'mm', 'precipitation_probability_max': '%', 'wind_speed_10m_max': 'km/h', 'wind_gusts_10m_max': 'km/h', 'weather_code': 'wmo code'}","{'time': ['2026-09-15', '2026-09-16', '2026-09-17', '2026-09-18', '2026-09-19', '2026-09-20', '2026-09-21'], 'temperature_2m_max': [31.9, 24.7, 24.5, 27.1, 29.6, 35.0, 37.0], 'temperature_2m_min': [21.4, 19.5, 18.7, 16.7, 21.8, 23.5, 25.3], 'precipitation_sum': [0.0, 0.0, 0.0, 0.0, 0.0, 0.0, 0.0], 'precipitation_probability_max': [0, 0, 1, 3, 3, 3, 3], 'wind_speed_10m_max': [17.8, 17.6, 14.5, 20.4, 35.5, 31.8, 17.8], 'wind_gusts_10m_max': [33.5, 32.4, 28.4, 35.6, 65.9, 58.7, 34.2], 'weather_code': [0, 3, 3, 3, 1, 0, 0]}"
Azemmour,33.2833,-8.3333,Morocco,MA,Casablanca-Settat,,42098,42098,33.3125,-8.3125,0.455021858215332,3600,Africa/Casablanca,GMT+1,4.0,"{'time': 'iso8601', 'temperature_2m_max': '°C', 'temperature_2m_min': '°C', 'precipitation_sum': 'mm', 'precipitation_probability_max': '%', 'wind_speed_10m_max': 'km/h', 'wind_gusts_10m_max': 'km/h', 'weather_code': 'wmo code'}","{'time': ['2026-09-15', '2026-09-16', '2026-09-17', '2026-09-18', '2026-09-19', '2026-09-20', '2026-09-21'], 'temperature_2m_max': [29.0, 26.6, 26.7, 26.4, 27.2, 29.6, 28.5], 'temperature_2m_min': [21.1, 20.4, 19.1, 18.5, 18.6, 21.1, 21.9], 'precipitation_sum': [0.0, 0.0, 0.0, 0.0, 0.0, 0.0, 0.0], 'precipitation_probability_max': [0, 0, 0, 0, 0, 0, 0], 'wind_speed_10m_max': [17.2, 18.4, 16.5, 17.7, 18.1, 15.9, 13.8], 'wind_gusts_10m_max': [32.4, 34.2, 30.6, 32.4, 34.6, 31.0, 28.4], 'weather_code': [45, 45, 3, 3, 2, 2, 2]}"
Aziylal,31.96,-6.56,Morocco,MA,Béni Mellal-Khénifra,,48138,48138,31.9375,-6.5625,0.2703666687011719,3600,Africa/Casablanca,GMT+1,1380.0,"{'time': 'iso8601', 'temperature_2m_max': '°C', 'temperature_2m_min': '°C', 'precipitation_sum': 'mm', 'precipitation_probability_max': '%', 'wind_speed_10m_max': 'km/h', 'wind_gusts_10m_max': 'km/h', 'weather_code': 'wmo code'}","{'time': ['2026-09-15', '2026-09-16', '2026-09-17', '2026-09-18', '2026-09-19', '2026-09-20', '2026-09-21'], 'temperature_2m_max': [30.3, 26.8, 25.2, 26.2, 29.5, 30.8, 30.0], 'temperature_2m_min': [20.0, 16.5, 15.4, 15.9, 18.2, 21.4, 20.3], 'precipitation_sum': [0.5, 0.0, 0.0, 0.0, 0.0, 0.9, 1.8], 'precipitation_probability_max': [15, 0, 23, 15, 15, 8, 8], 'wind_speed_10m_max': [26.0, 18.9, 16.3, 16.3, 16.1, 19.3, 20.4], 'wind_gusts_10m_max': [63.0, 39.6, 36.4, 34.9, 38.5, 40.3, 38.2], 'weather_code': [80, 2, 3, 3, 3, 80, 80]}"
Azrou,33.4344,-5.2213,Morocco,MA,Fès-Meknès,,81350,81350,33.4375,-5.25,0.7611513137817383,3600,Africa/Casablanca,GMT+1,1277.0,"{'time': 'iso8601', 'temperature_2m_max': '°C', 'temperature_2m_min': '°C', 'precipitation_sum': 'mm', 'precipitation_probability_max': '%', 'wind_speed_10m_max': 'km/h', 'wind_gusts_10m_max': 'km/h', 'weather_code': 'wmo code'}","{'time': ['2026-09-15', '2026-09-16', '2026-09-17', '2026-09-18', '2026-09-19', '2026-09-20', '2026-09-21'], 'temperature_2m_max': [30.0, 26.5, 25.7, 25.9, 29.0, 30.9, 29.8], 'temperature_2m_min': [18.8, 14.4, 14.9, 14.2, 16.8, 20.2, 21.2], 'precipitation_sum': [0.0, 0.0, 0.0, 0.0, 0.0, 0.0, 0.0], 'precipitation_probability_max': [0, 0, 13, 18, 15, 5, 17], 'wind_speed_10m_max': [19.8, 16.6, 15.7, 14.7, 13.9, 14.0, 17.6], 'wind_gusts_10m_max': [42.1, 40.3, 34.2, 34.2, 32.4, 42.5, 43.6], 'weather_code': [2, 2, 3, 3, 2, 3, 3]}"
Aïn Harrouda,33.6372,-7.4483,Morocco,MA,Casablanca-Settat,,60804,60804,33.625,-7.4375,0.295877456665039,3600,Africa/Casablanca,GMT+1,34.0,"{'time': 'iso8601', 'temperature_2m_max': '°C', 'temperature_2m_min': '°C', 'precipitation_sum': 'mm', 'precipitation_probability_max': '%', 'wind_speed_10m_max': 'km/h', 'wind_gusts_10m_max': 'km/h', 'weather_code': 'wmo code'}","{'time': ['2026-09-15', '2026-09-16', '2026-09-17', '2026-09-18', '2026-09-19', '2026-09-20', '2026-09-21'], 'temperature_2m_max': [29.2, 26.3, 26.2, 25.9, 27.3, 30.6, 30.8], 'temperature_2m_min': [21.7, 20.6, 19.7, 18.3, 17.9, 20.9, 21.5], 'precipitation_sum': [0.0, 0.0, 0.0, 0.0, 0.0, 0.0, 0.0], 'precipitation_probability_max': [0, 0, 0, 3, 2, 3, 0], 'wind_speed_10m_max': [12.2, 14.5, 13.0, 14.0, 13.0, 11.5, 14.2], 'wind_gusts_10m_max': [32.4, 37.1, 34.9, 36.0, 33.8, 28.1, 32.8], 'weather_code': [45, 2, 3, 3, 1, 2, 2]}"
Aïn Taoujdat,33.9333,-5.2167,Morocco,MA,Fès-Meknès,,33055,33055,33.9375,-5.1875,0.2626180648803711,3600,Africa/Casablanca,GMT+1,470.0,"{'time': 'iso8601', 'temperature_2m_max': '°C', 'temperature_2m_min': '°C', 'precipitation_sum': 'mm', 'precipitation_probability_max': '%', 'wind_speed_10m_max': 'km/h', 'wind_gusts_10m_max': 'km/h', 'weather_code': 'wmo code'}","{'time': ['2026-09-15', '2026-09-16', '2026-09-17', '2026-09-18', '2026-09-19', '2026-09-20', '2026-09-21'], 'temperature_2m_max': [34.5, 31.3, 27.8, 29.8, 33.3, 36.7, 37.3], 'temperature_2m_min': [22.3, 20.4, 17.9, 16.6, 18.5, 20.5, 22.1], 'precipitation_sum': [0.0, 0.0, 0.0, 0.0, 0.0, 0.0, 0.0], 'precipitation_probability_max': [0, 0, 3, 8, 3, 3, 0], 'wind_speed_10m_max': [18.2, 18.9, 16.5, 14.3, 17.1, 19.9, 17.9], 'wind_gusts_10m_max': [35.6, 36.7, 31.3, 27.7, 31.7, 37.4, 32.8], 'weather_code': [2, 0, 45, 3, 3, 2, 2]}"
Barrechid,33.27,-7.5872,Morocco,MA,Casablanca-Settat,,168687,168687,33.25,-7.5625,0.3765821456909179,3600,Africa/Casablanca,GMT+1,222.0,"{'time': 'iso8601', 'temperature_2m_max': '°C', 'temperature_2m_min': '°C', 'precipitation_sum': 'mm', 'precipitation_probability_max': '%', 'wind_speed_10m_max': 'km/h', 'wind_gusts_10m_max': 'km/h', 'weather_code': 'wmo code'}","{'time': ['2026-09-15', '2026-09-16', '2026-09-17', '2026-09-18', '2026-09-19', '2026-09-20', '2026-09-21'], 'temperature_2m_max': [35.9, 29.1, 28.2, 29.6, 32.7, 37.5, 34.0], 'temperature_2m_min': [21.4, 19.6, 18.3, 17.5, 16.8, 21.4, 22.1], 'precipitation_sum': [0.0, 0.0, 0.0, 0.0, 0.0, 0.0, 0.0], 'precipitation_probability_max': [0, 0, 0, 3, 3, 3, 0], 'wind_speed_10m_max': [20.9, 18.7, 18.4, 18.5, 17.7, 22.0, 20.1], 'wind_gusts_10m_max': [38.5, 33.8, 33.5, 33.5, 33.1, 40.0, 36.0], 'weather_code': [2, 2, 3, 3, 1, 2, 2]}"
Ben Guerir,32.23,-7.95,Morocco,MA,Marrakech-Safi,,114872,114872,32.25,-7.9375,0.935077667236328,3600,Africa/Casablanca,GMT+1,464.0,"{'time': 'iso8601', 'temperature_2m_max': '°C', 'temperature_2m_min': '°C', 'precipitation_sum': 'mm', 'precipitation_probability_max': '%', 'wind_speed_10m_max': 'km/h', 'wind_gusts_10m_max': 'km/h', 'weather_code': 'wmo code'}","{'time': ['2026-09-15', '2026-09-16', '2026-09-17', '2026-09-18', '2026-09-19', '2026-09-20', '2026-09-21'], 'temperature_2m_max': [37.1, 33.0, 28.7, 30.5, 34.5, 39.4, 36.2], 'temperature_2m_min': [24.5, 19.8, 17.2, 17.2, 18.1, 25.7, 23.4], 'precipitation_sum': [0.0, 0.0, 0.0, 0.0, 0.0, 0.0, 0.0], 'precipitation_probability_max': [3, 0, 0, 4, 5, 1, 3], 'wind_speed_10m_max': [21.3, 19.5, 15.7, 14.6, 18.0, 24.0, 18.3], 'wind_gusts_10m_max': [42.5, 39.2, 33.1, 30.6, 36.7, 42.1, 33.5], 'weather_code': [3, 1, 2, 3, 2, 3, 3]}"
Beni Yakhlef,33.6555,-7.3221,Morocco,MA,Casablanca-Settat,,117653,117653,33.625,-7.3125,1.6275644302368164,3600,Africa/Casablanca,GMT+1,109.0,"{'time': 'iso8601', 'temperature_2m_max': '°C', 'temperature_2m_min': '°C', 'precipitation_sum': 'mm', 'precipitation_probability_max': '%', 'wind_speed_10m_max': 'km/h', 'wind_gusts_10m_max': 'km/h', 'weather_code': 'wmo code'}","{'time': ['2026-09-15', '2026-09-16', '2026-09-17', '2026-09-18', '2026-09-19', '2026-09-20', '2026-09-21'], 'temperature_2m_max': [30.6, 26.8, 26.7, 26.6, 28.7, 33.7, 32.5], 'temperature_2m_min': [20.2, 19.5, 18.9, 17.5, 16.7, 20.2, 21.9], 'precipitation_sum': [0.0, 0.0, 0.0, 0.0, 0.0, 0.0, 0.0], 'precipitation_probability_max': [0, 0, 0, 3, 2, 3, 0], 'wind_speed_10m_max': [17.3, 18.6, 16.8, 18.3, 17.7, 17.0, 17.3], 'wind_gusts_10m_max': [31.7, 34.2, 31.3, 33.5, 32.0, 31.3, 32.8], 'weather_code': [45, 2, 3, 3, 1, 2, 45]}"
Berkane,34.9167,-2.3167,Morocco,MA,Oriental,,99069,99069,34.9375,-2.3125,0.9692907333374025,3600,Africa/Casablanca,GMT+1,184.0,"{'time': 'iso8601', 'temperature_2m_max': '°C', 'temperature_2m_min': '°C', 'precipitation_sum': 'mm', 'precipitation_probability_max': '%', 'wind_speed_10m_max': 'km/h', 'wind_gusts_10m_max': 'km/h', 'weather_code': 'wmo code'}","{'time': ['2026-09-15', '2026-09-16', '2026-09-17', '2026-09-18', '2026-09-19', '2026-09-20', '2026-09-21'], 'temperature_2m_max': [27.1, 32.0, 26.1, 25.6, 26.4, 27.2, 27.1], 'temperature_2m_min': [17.8, 17.5, 18.4, 18.9, 17.9, 20.1, 18.6], 'precipitation_sum': [0.0, 0.0, 0.0, 0.0, 0.0, 0.0, 0.0], 'precipitation_probability_max': [0, 0, 0, 18, 8, 1, 0], 'wind_speed_10m_max': [12.8, 14.6, 16.2, 17.1, 21.4, 14.7, 13.4], 'wind_gusts_10m_max': [27.7, 31.0, 34.6, 34.6, 44.6, 28.4, 25.6], 'weather_code': [2, 1, 3, 45, 45, 45, 3]}"
Biougra,30.2144,-9.3708,Morocco,MA,Souss-Massa,,50626,50626,30.1875,-9.375,0.2892017364501953,3600,Africa/Casablanca,GMT+1,132.0,"{'time': 'iso8601', 'temperature_2m_max': '°C', 'temperature_2m_min': '°C', 'precipitation_sum': 'mm', 'precipitation_probability_max': '%', 'wind_speed_10m_max': 'km/h', 'wind_gusts_10m_max': 'km/h', 'weather_code': 'wmo code'}","{'time': ['2026-09-15', '2026-09-16', '2026-09-17', '2026-09-18', '2026-09-19', '2026-09-20', '2026-09-21'], 'temperature_2m_max': [37.8, 33.7, 27.8, 28.2, 29.0, 28.5, 38.4], 'temperature_2m_min': [27.1, 23.5, 21.1, 20.2, 20.5, 20.9, 21.1], 'precipitation_sum': [0.0, 0.0, 0.0, 0.0, 0.0, 0.0, 0.0], 'precipitation_probability_max': [3, 0, 0, 0, 0, 0, 0], 'wind_speed_10m_max': [20.6, 29.5, 32.6, 24.6, 23.2, 22.8, 20.9], 'wind_gusts_10m_max': [34.2, 49.3, 55.1, 41.8, 38.9, 39.2, 37.4], 'weather_code': [2, 1, 2, 2, 2, 1, 1]}"
Bir Jdid,33.3737,-8.0002,Morocco,MA,Casablanca-Settat,,30247,30247,33.375,-8.0,0.4085302352905273,3600,Africa/Casablanca,GMT+1,101.0,"{'time': 'iso8601', 'temperature_2m_max': '°C', 'temperature_2m_min': '°C', 'precipitation_sum': 'mm', 'precipitation_probability_max': '%', 'wind_speed_10m_max': 'km/h', 'wind_gusts_10m_max': 'km/h', 'weather_code': 'wmo code'}","{'time': ['2026-09-15', '2026-09-16', '2026-09-17', '2026-09-18', '2026-09-19', '2026-09-20', '2026-09-21'], 'temperature_2m_max': [29.8, 26.3, 26.4, 26.5, 27.5, 31.4, 29.9], 'temperature_2m_min': [20.8, 20.3, 18.6, 18.0, 18.3, 21.1, 21.3], 'precipitation_sum': [0.0, 0.0, 0.0, 0.0, 0.0, 0.0, 0.0], 'precipitation_probability_max': [0, 0, 0, 3, 3, 3, 0], 'wind_speed_10m_max': [16.6, 18.4, 16.8, 18.1, 18.2, 16.6, 16.4], 'wind_gusts_10m_max': [32.8, 35.6, 33.1, 35.3, 35.3, 33.1, 33.1], 'weather_code': [45, 45, 3, 2, 2, 2, 45]}"
Bou Arfa,32.531,-1.9631,Morocco,MA,Oriental,,30068,30068,32.5,-1.9375,1.728534698486328,3600,Africa/Casablanca,GMT+1,1161.0,"{'time': 'iso8601', 'temperature_2m_max': '°C', 'temperature_2m_min': '°C', 'precipitation_sum': 'mm', 'precipitation_probability_max': '%', 'wind_speed_10m_max': 'km/h', 'wind_gusts_10m_max': 'km/h', 'weather_code': 'wmo code'}","{'time': ['2026-09-15', '2026-09-16', '2026-09-17', '2026-09-18', '2026-09-19', '2026-09-20', '2026-09-21'], 'temperature_2m_max': [32.2, 28.7, 30.1, 29.2, 29.7, 31.7, 30.9], 'temperature_2m_min': [20.1, 19.0, 17.9, 17.8, 18.6, 19.0, 20.5], 'precipitation_sum': [0.1, 0.0, 1.0, 0.0, 0.0, 0.0, 0.0], 'precipitation_probability_max': [10, 3, 34, 35, 25, 13, 17], 'wind_speed_10m_max': [13.7, 15.3, 22.3, 15.8, 20.7, 13.3, 12.6], 'wind_gusts_10m_max': [21.2, 24.1, 41.8, 25.2, 31.0, 20.9, 20.2], 'weather_code': [3, 3, 80, 3, 2, 2, 3]}"
Boujad,32.7741,-6.3925,Morocco,MA,Béni Mellal-Khénifra,,47209,47209,32.75,-6.375,0.945448875427246,3600,Africa/Casablanca,GMT+1,676.0,"{'time': 'iso8601', 'temperature_2m_max': '°C', 'temperature_2m_min': '°C', 'precipitation_sum': 'mm', 'precipitation_probability_max': '%', 'wind_speed_10m_max': 'km/h', 'wind_gusts_10m_max': 'km/h', 'weather_code': 'wmo code'}","{'time': ['2026-09-15', '2026-09-16', '2026-09-17', '2026-09-18', '2026-09-19', '2026-09-20', '2026-09-21'], 'temperature_2m_max': [37.1, 32.9, 31.3, 31.5, 35.5, 37.7, 34.3], 'temperature_2m_min': [23.7, 19.1, 16.8, 17.5, 20.2, 25.4, 24.4], 'precipitation_sum': [0.0, 0.0, 0.0, 0.0, 0.0, 0.0, 0.9], 'precipitation_probability_max': [3, 0, 3, 13, 6, 3, 0], 'wind_speed_10m_max': [20.5, 18.4, 18.5, 16.6, 21.3, 18.8, 12.4], 'wind_gusts_10m_max': [38.2, 32.8, 33.5, 33.5, 38.2, 37.4, 34.6], 'weather_code': [3, 0, 3, 3, 2, 2, 80]}"
Bouknadel,34.1766,-6.6893,Morocco,MA,Rabat-Salé-Kénitra,,43598,43598,34.1875,-6.6875,0.4441738128662109,3600,Africa/Casablanca,GMT+1,24.0,"{'time': 'iso8601', 'temperature_2m_max': '°C', 'temperature_2m_min': '°C', 'precipitation_sum': 'mm', 'precipitation_probability_max': '%', 'wind_speed_10m_max': 'km/h', 'wind_gusts_10m_max': 'km/h', 'weather_code': 'wmo code'}","{'time': ['2026-09-15', '2026-09-16', '2026-09-17', '2026-09-18', '2026-09-19', '2026-09-20', '2026-09-21'], 'temperature_2m_max': [26.8, 25.7, 25.4, 25.4, 29.3, 35.7, 30.3], 'temperature_2m_min': [21.0, 21.2, 19.2, 17.9, 17.6, 22.9, 22.3], 'precipitation_sum': [0.0, 0.0, 0.0, 0.0, 0.0, 0.0, 0.0], 'precipitation_probability_max': [0, 0, 0, 3, 3, 0, 0], 'wind_speed_10m_max': [15.8, 18.1, 12.9, 14.3, 17.2, 13.0, 12.0], 'wind_gusts_10m_max': [27.0, 31.3, 23.0, 25.2, 28.8, 29.5, 28.1], 'weather_code': [45, 2, 3, 3, 45, 2, 2]}"
Bouskoura,33.4489,-7.6486,Morocco,MA,Casablanca-Settat,,200359,200359,33.4375,-7.625,1.1737346649169922,3600,Africa/Casablanca,GMT+1,145.0,"{'time': 'iso8601', 'temperature_2m_max': '°C', 'temperature_2m_min': '°C', 'precipitation_sum': 'mm', 'precipitation_probability_max': '%', 'wind_speed_10m_max': 'km/h', 'wind_gusts_10m_max': 'km/h', 'weather_code': 'wmo code'}","{'time': ['2026-09-15', '2026-09-16', '2026-09-17', '2026-09-18', '2026-09-19', '2026-09-20', '2026-09-21'], 'temperature_2m_max': [32.6, 27.2, 27.0, 27.5, 29.8, 31.1, 29.8], 'temperature_2m_min': [21.0, 20.0, 19.3, 18.0, 18.0, 21.9, 21.3], 'precipitation_sum': [0.0, 0.0, 0.0, 0.0, 0.0, 0.0, 0.0], 'precipitation_probability_max': [0, 0, 0, 3, 2, 3, 0], 'wind_speed_10m_max': [14.6, 15.4, 14.9, 15.7, 15.1, 12.0, 13.4], 'wind_gusts_10m_max': [36.7, 38.5, 36.7, 38.5, 37.4, 31.0, 34.2], 'weather_code': [45, 3, 3, 3, 45, 2, 2]}"
Béni Mellal,32.3394,-6.3608,Morocco,MA,Béni Mellal-Khénifra,admin,209594,209594,32.3125,-6.375,0.3190040588378906,3600,Africa/Casablanca,GMT+1,505.0,"{'time': 'iso8601', 'temperature_2m_max': '°C', 'temperature_2m_min': '°C', 'precipitation_sum': 'mm', 'precipitation_probability_max': '%', 'wind_speed_10m_max': 'km/h', 'wind_gusts_10m_max': 'km/h', 'weather_code': 'wmo code'}","{'time': ['2026-09-15', '2026-09-16', '2026-09-17', '2026-09-18', '2026-09-19', '2026-09-20', '2026-09-21'], 'temperature_2m_max': [36.9, 33.1, 29.9, 31.3, 35.5, 38.7, 36.7], 'temperature_2m_min': [25.9, 22.2, 19.3, 19.1, 22.0, 26.2, 28.4], 'precipitation_sum': [0.0, 0.0, 0.0, 0.0, 0.0, 0.0, 0.3], 'precipitation_probability_max': [5, 0, 8, 9, 4, 5, 5], 'wind_speed_10m_max': [20.6, 17.3, 10.5, 10.3, 12.2, 17.0, 22.4], 'wind_gusts_10m_max': [44.3, 36.0, 26.6, 31.3, 29.2, 37.4, 41.8], 'weather_code': [3, 1, 3, 3, 3, 3, 80]}"
Cabo Bojador,26.1269,-14.4992,Morocco,MA,Laâyoune-Sakia El Hamra,,42651,42651,26.115992,-14.490692,0.680088996887207,3600,Africa/El_Aaiun,GMT+1,3.0,"{'time': 'iso8601', 'temperature_2m_max': '°C', 'temperature_2m_min': '°C', 'precipitation_sum': 'mm', 'precipitation_probability_max': '%', 'wind_speed_10m_max': 'km/h', 'wind_gusts_10m_max': 'km/h', 'weather_code': 'wmo code'}","{'time': ['2026-09-15', '2026-09-16', '2026-09-17', '2026-09-18', '2026-09-19', '2026-09-20', '2026-09-21'], 'temperature_2m_max': [33.3, 29.0, 25.4, 24.9, 25.1, 26.3, 28.5], 'temperature_2m_min': [24.6, 22.2, 20.8, 20.2, 19.0, 19.3, 20.4], 'precipitation_sum': [0.0, 0.0, 0.0, 0.0, 0.0, 0.0, 0.0], 'precipitation_probability_max': [0, 0, 0, 0, 0, 0, 6], 'wind_speed_10m_max': [26.7, 27.7, 34.0, 24.6, 22.2, 26.3, 25.7], 'wind_gusts_10m_max': [45.0, 49.7, 60.8, 47.2, 43.2, 49.0, 47.5], 'weather_code': [2, 0, 3, 3, 0, 0, 0]}"
Casablanca,33.5992,-7.62,Morocco,MA,Casablanca-Settat,admin,3950000,3215935,33.5625,-7.625,0.3125667572021484,3600,Africa/Casablanca,GMT+1,23.0,"{'time': 'iso8601', 'temperature_2m_max': '°C', 'temperature_2m_min': '°C', 'precipitation_sum': 'mm', 'precipitation_probability_max': '%', 'wind_speed_10m_max': 'km/h', 'wind_gusts_10m_max': 'km/h', 'weather_code': 'wmo code'}","{'time': ['2026-09-15', '2026-09-16', '2026-09-17', '2026-09-18', '2026-09-19', '2026-09-20', '2026-09-21'], 'temperature_2m_max': [28.9, 26.0, 25.9, 25.5, 26.6, 31.8, 30.6], 'temperature_2m_min': [21.7, 21.1, 20.3, 19.4, 19.4, 21.9, 22.1], 'precipitation_sum': [0.0, 0.0, 0.0, 0.0, 0.0, 0.0, 0.0], 'precipitation_probability_max': [0, 0, 0, 3, 2, 3, 0], 'wind_speed_10m_max': [10.8, 13.7, 11.5, 12.1, 12.4, 12.0, 13.4], 'wind_gusts_10m_max': [31.0, 35.6, 32.8, 34.6, 33.5, 31.0, 34.2], 'weather_code': [45, 2, 3, 3, 2, 2, 2]}"
Chichaoua,31.5333,-8.7667,Morocco,MA,Marrakech-Safi,,38452,38452,31.5625,-8.75,0.2903938293457031,3600,Africa/Casablanca,GMT+1,365.0,"{'time': 'iso8601', 'temperature_2m_max': '°C', 'temperature_2m_min': '°C', 'precipitation_sum': 'mm', 'precipitation_probability_max': '%', 'wind_speed_10m_max': 'km/h', 'wind_gusts_10m_max': 'km/h', 'weather_code': 'wmo code'}","{'time': ['2026-09-15', '2026-09-16', '2026-09-17', '2026-09-18', '2026-09-19', '2026-09-20', '2026-09-21'], 'temperature_2m_max': [38.4, 35.1, 29.7, 31.3, 34.8, 36.6, 36.3], 'temperature_2m_min': [25.2, 21.9, 18.5, 18.6, 18.8, 23.1, 24.2], 'precipitation_sum': [0.0, 0.0, 0.0, 0.0, 0.0, 0.0, 0.0], 'precipitation_probability_max': [5, 0, 0, 0, 0, 3, 3], 'wind_speed_10m_max': [23.9, 23.8, 18.4, 15.0, 16.6, 24.0, 18.3], 'wind_gusts_10m_max': [38.5, 38.5, 32.0, 24.5, 26.3, 40.3, 31.7], 'weather_code': [2, 1, 3, 3, 2, 3, 2]}"
Demnat,31.7311,-7.0361,Morocco,MA,Béni Mellal-Khénifra,,33635,33635,31.75,-7.0625,4.458069801330566,3600,Africa/Casablanca,GMT+1,1023.0,"{'time': 'iso8601', 'temperature_2m_max': '°C', 'temperature_2m_min': '°C', 'precipitation_sum': 'mm', 'precipitation_probability_max': '%', 'wind_speed_10m_max': 'km/h', 'wind_gusts_10m_max': 'km/h', 'weather_code': 'wmo code'}","{'time': ['2026-09-15', '2026-09-16', '2026-09-17', '2026-09-18', '2026-09-19', '2026-09-20', '2026-09-21'], 'temperature_2m_max': [33.7, 30.1, 25.7, 27.7, 31.9, 34.7, 32.9], 'temperature_2m_min': [22.6, 17.9, 15.6, 15.7, 18.1, 22.4, 19.4], 'precipitation_sum': [0.0, 0.0, 0.0, 0.0, 0.0, 0.0, 0.6], 'precipitation_probability_max': [5, 0, 8, 8, 8, 9, 10], 'wind_speed_10m_max': [27.9, 17.7, 13.9, 12.8, 15.1, 13.5, 14.8], 'wind_gusts_10m_max': [52.2, 33.1, 28.4, 24.8, 28.4, 28.1, 32.0], 'weather_code': [3, 2, 45, 3, 2, 3, 3]}"
Douar Toulal,33.8951,-5.6021,Morocco,MA,Fès-Meknès,,26970,13852,33.875,-5.625,0.3161430358886719,3600,Africa/Casablanca,GMT+1,497.0,"{'time': 'iso8601', 'temperature_2m_max': '°C', 'temperature_2m_min': '°C', 'precipitation_sum': 'mm', 'precipitation_probability_max': '%', 'wind_speed_10m_max': 'km/h', 'wind_gusts_10m_max': 'km/h', 'weather_code': 'wmo code'}","{'time': ['2026-09-15', '2026-09-16', '2026-09-17', '2026-09-18', '2026-09-19', '2026-09-20', '2026-09-21'], 'temperature_2m_max': [34.1, 30.7, 28.1, 29.5, 34.3, 37.4, 37.6], 'temperature_2m_min': [21.8, 18.8, 17.7, 16.4, 18.2, 21.9, 22.5], 'precipitation_sum': [0.0, 0.0, 0.0, 0.0, 0.0, 0.0, 0.0], 'precipitation_probability_max': [0, 0, 0, 10, 3, 0, 0], 'wind_speed_10m_max': [18.1, 17.5, 16.0, 13.9, 11.6, 17.3, 20.1], 'wind_gusts_10m_max': [40.7, 38.2, 36.0, 31.3, 27.0, 32.0, 37.4], 'weather_code': [2, 1, 45, 3, 3, 3, 2]}"
El Aïoun,34.5726,-2.5127,Morocco,MA,Oriental,,40652,40652,34.5625,-2.5,0.4924535751342773,3600,Africa/Casablanca,GMT+1,584.0,"{'time': 'iso8601', 'temperature_2m_max': '°C', 'temperature_2m_min': '°C', 'precipitation_sum': 'mm', 'precipitation_probability_max': '%', 'wind_speed_10m_max': 'km/h', 'wind_gusts_10m_max': 'km/h', 'weather_code': 'wmo code'}","{'time': ['2026-09-15', '2026-09-16', '2026-09-17', '2026-09-18', '2026-09-19', '2026-09-20', '2026-09-21'], 'temperature_2m_max': [32.4, 32.5, 30.2, 28.4, 29.4, 31.1, 30.0], 'temperature_2m_min': [16.8, 15.9, 16.6, 18.3, 17.0, 18.3, 16.9], 'precipitation_sum': [0.0, 0.0, 0.3, 0.0, 0.0, 0.0, 0.0], 'precipitation_probability_max': [0, 0, 4, 13, 8, 1, 3], 'wind_speed_10m_max': [14.0, 21.3, 19.0, 19.9, 21.3, 18.9, 16.2], 'wind_gusts_10m_max': [24.1, 36.0, 32.8, 34.9, 39.6, 33.1, 27.7], 'weather_code': [3, 0, 3, 45, 3, 45, 45]}"
El Hajeb,33.6928,-5.3711,Morocco,MA,Fès-Meknès,,41359,41359,33.6875,-5.375,0.2330541610717773,3600,Africa/Casablanca,GMT+1,982.0,"{'time': 'iso8601', 'temperature_2m_max': '°C', 'temperature_2m_min': '°C', 'precipitation_sum': 'mm', 'precipitation_probability_max': '%', 'wind_speed_10m_max': 'km/h', 'wind_gusts_10m_max': 'km/h', 'weather_code': 'wmo code'}","{'time': ['2026-09-15', '2026-09-16', '2026-09-17', '2026-09-18', '2026-09-19', '2026-09-20', '2026-09-21'], 'temperature_2m_max': [32.3, 29.0, 26.5, 26.9, 30.6, 33.6, 34.1], 'temperature_2m_min': [21.9, 17.8, 15.9, 15.9, 17.0, 22.9, 22.3], 'precipitation_sum': [0.0, 0.0, 0.0, 0.0, 0.0, 0.0, 0.0], 'precipitation_probability_max': [0, 0, 5, 15, 8, 8, 8], 'wind_speed_10m_max': [20.1, 19.4, 17.4, 15.8, 20.6, 21.7, 22.5], 'wind_gusts_10m_max': [42.5, 40.3, 36.7, 33.5, 43.6, 42.1, 43.6], 'weather_code': [1, 1, 3, 3, 3, 3, 2]}"
El Jadid,33.2566,-8.5025,Morocco,MA,Casablanca-Settat,,237464,237464,33.25,-8.4375,0.5977153778076172,3600,Africa/Casablanca,GMT+1,8.0,"{'time': 'iso8601', 'temperature_2m_max': '°C', 'temperature_2m_min': '°C', 'precipitation_sum': 'mm', 'precipitation_probability_max': '%', 'wind_speed_10m_max': 'km/h', 'wind_gusts_10m_max': 'km/h', 'weather_code': 'wmo code'}","{'time': ['2026-09-15', '2026-09-16', '2026-09-17', '2026-09-18', '2026-09-19', '2026-09-20', '2026-09-21'], 'temperature_2m_max': [27.2, 25.4, 25.7, 25.3, 25.8, 29.5, 28.5], 'temperature_2m_min': [21.5, 21.4, 20.3, 20.1, 19.8, 21.9, 21.8], 'precipitation_sum': [0.0, 0.0, 0.0, 0.0, 0.0, 0.0, 0.0], 'precipitation_probability_max': [0, 0, 0, 0, 0, 0, 0], 'wind_speed_10m_max': [16.8, 18.7, 16.1, 17.7, 17.5, 15.9, 13.8], 'wind_gusts_10m_max': [30.6, 34.2, 28.8, 31.7, 32.8, 31.0, 28.4], 'weather_code': [45, 2, 3, 3, 2, 2, 2]}"
El Kelaa des Srarhna,32.05,-7.4,Morocco,MA,Marrakech-Safi,,106418,106418,32.0625,-7.375,0.3426074981689453,3600,Africa/Casablanca,GMT+1,466.0,"{'time': 'iso8601', 'temperature_2m_max': '°C', 'temperature_2m_min': '°C', 'precipitation_sum': 'mm', 'precipitation_probability_max': '%', 'wind_speed_10m_max': 'km/h', 'wind_gusts_10m_max': 'km/h', 'weather_code': 'wmo code'}","{'time': ['2026-09-15', '2026-09-16', '2026-09-17', '2026-09-18', '2026-09-19', '2026-09-20', '2026-09-21'], 'temperature_2m_max': [38.1, 34.4, 30.2, 31.3, 36.0, 38.6, 36.5], 'temperature_2m_min': [25.6, 20.9, 17.9, 18.2, 19.8, 23.1, 22.7], 'precipitation_sum': [0.1, 0.0, 0.0, 0.0, 0.0, 0.0, 0.9], 'precipitation_probability_max': [3, 0, 3, 10, 3, 3, 7], 'wind_speed_10m_max': [18.8, 19.8, 15.0, 13.5, 18.1, 11.3, 12.9], 'wind_gusts_10m_max': [34.2, 33.8, 26.6, 24.5, 31.0, 20.2, 23.4], 'weather_code': [3, 0, 3, 3, 2, 3, 80]}"
Errachidia,31.9319,-4.4244,Morocco,MA,Drâa-Tafilalet,admin,97687,97687,31.9375,-4.4375,0.7708072662353516,3600,Africa/Casablanca,GMT+1,1033.0,"{'time': 'iso8601', 'temperature_2m_max': '°C', 'temperature_2m_min': '°C', 'precipitation_sum': 'mm', 'precipitation_probability_max': '%', 'wind_speed_10m_max': 'km/h', 'wind_gusts_10m_max': 'km/h', 'weather_code': 'wmo code'}","{'time': ['2026-09-15', '2026-09-16', '2026-09-17', '2026-09-18', '2026-09-19', '2026-09-20', '2026-09-21'], 'temperature_2m_max': [34.7, 33.4, 31.7, 31.8, 32.1, 33.1, 33.7], 'temperature_2m_min': [24.3, 23.0, 22.3, 20.8, 22.4, 23.4, 23.2], 'precipitation_sum': [0.0, 0.0, 0.6, 0.0, 0.0, 0.0, 0.3], 'precipitation_probability_max': [10, 3, 30, 35, 21, 16, 19], 'wind_speed_10m_max': [11.0, 16.4, 13.9, 12.4, 11.2, 13.2, 11.5], 'wind_gusts_10m_max': [24.5, 31.3, 28.8, 27.0, 25.9, 23.8, 32.0], 'weather_code': [3, 2, 80, 3, 3, 3, 3]}"
Essaouira,31.513,-9.7687,Morocco,MA,Marrakech-Safi,,82962,82962,31.5,-9.75,0.3380775451660156,3600,Africa/Casablanca,GMT+1,12.0,"{'time': 'iso8601', 'temperature_2m_max': '°C', 'temperature_2m_min': '°C', 'precipitation_sum': 'mm', 'precipitation_probability_max': '%', 'wind_speed_10m_max': 'km/h', 'wind_gusts_10m_max': 'km/h', 'weather_code': 'wmo code'}","{'time': ['2026-09-15', '2026-09-16', '2026-09-17', '2026-09-18', '2026-09-19', '2026-09-20', '2026-09-21'], 'temperature_2m_max': [27.5, 25.5, 24.3, 24.5, 24.9, 28.0, 31.7], 'temperature_2m_min': [22.7, 20.4, 19.3, 19.5, 19.3, 19.8, 20.5], 'precipitation_sum': [0.0, 0.0, 0.0, 0.0, 0.0, 0.0, 0.0], 'precipitation_probability_max': [3, 0, 0, 0, 0, 0, 0], 'wind_speed_10m_max': [24.7, 36.0, 27.7, 30.0, 29.6, 14.7, 9.6], 'wind_gusts_10m_max': [46.8, 66.6, 51.5, 55.4, 55.4, 25.9, 19.1], 'weather_code': [3, 1, 3, 3, 2, 2, 2]}"
Fnidq,35.8414,-5.3587,Morocco,MA,Tanger-Tétouan-Al Hoceïma,,77250,77250,35.8125,-5.375,0.6287097930908203,3600,Africa/Casablanca,GMT+1,17.0,"{'time': 'iso8601', 'temperature_2m_max': '°C', 'temperature_2m_min': '°C', 'precipitation_sum': 'mm', 'precipitation_probability_max': '%', 'wind_speed_10m_max': 'km/h', 'wind_gusts_10m_max': 'km/h', 'weather_code': 'wmo code'}","{'time': ['2026-09-15', '2026-09-16', '2026-09-17', '2026-09-18', '2026-09-19', '2026-09-20', '2026-09-21'], 'temperature_2m_max': [27.7, 29.5, 27.4, 24.9, 24.9, 25.7, 25.4], 'temperature_2m_min': [21.3, 20.6, 17.7, 20.8, 22.1, 22.5, 22.1], 'precipitation_sum': [0.0, 0.0, 0.0, 0.0, 1.5, 1.2, 0.0], 'precipitation_probability_max': [0, 0, 0, 8, 23, 13, 0], 'wind_speed_10m_max': [11.3, 30.6, 13.0, 16.8, 27.6, 32.2, 30.1], 'wind_gusts_10m_max': [22.3, 59.4, 26.6, 33.5, 51.8, 58.3, 53.3], 'weather_code': [2, 1, 3, 3, 80, 80, 2]}"
Fès,34.0433,-5.0033,Morocco,MA,Fès-Meknès,admin,1167842,1167842,34.0625,-5.0,0.4822015762329101,3600,Africa/Casablanca,GMT+1,389.0,"{'time': 'iso8601', 'temperature_2m_max': '°C', 'temperature_2m_min': '°C', 'precipitation_sum': 'mm', 'precipitation_probability_max': '%', 'wind_speed_10m_max': 'km/h', 'wind_gusts_10m_max': 'km/h', 'weather_code': 'wmo code'}","{'time': ['2026-09-15', '2026-09-16', '2026-09-17', '2026-09-18', '2026-09-19', '2026-09-20', '2026-09-21'], 'temperature_2m_max': [35.1, 31.8, 29.3, 30.9, 33.9, 36.4, 37.6], 'temperature_2m_min': [23.8, 21.0, 18.9, 18.1, 20.8, 22.5, 23.2], 'precipitation_sum': [0.0, 0.0, 0.0, 0.0, 0.0, 0.0, 0.0], 'precipitation_probability_max': [0, 0, 0, 10, 4, 3, 0], 'wind_speed_10m_max': [14.5, 16.7, 13.0, 9.4, 16.3, 16.6, 10.9], 'wind_gusts_10m_max': [38.2, 40.3, 34.6, 25.2, 41.0, 40.3, 30.6], 'weather_code': [1, 1, 3, 3, 3, 1, 2]}"
Guelmim,28.9833,-10.0667,Morocco,MA,Guelmim-Oued Noun,admin,126729,126729,28.998241,-10.114685,1.416325569152832,3600,Africa/Casablanca,GMT+1,281.0,"{'time': 'iso8601', 'temperature_2m_max': '°C', 'temperature_2m_min': '°C', 'precipitation_sum': 'mm', 'precipitation_probability_max': '%', 'wind_speed_10m_max': 'km/h', 'wind_gusts_10m_max': 'km/h', 'weather_code': 'wmo code'}","{'time': ['2026-09-15', '2026-09-16', '2026-09-17', '2026-09-18', '2026-09-19', '2026-09-20', '2026-09-21'], 'temperature_2m_max': [39.0, 36.4, 24.9, 26.2, 28.2, 35.5, 39.1], 'temperature_2m_min': [25.3, 20.9, 18.7, 17.1, 18.2, 16.7, 23.2], 'precipitation_sum': [0.0, 0.0, 0.0, 0.0, 0.0, 0.0, 0.0], 'precipitation_probability_max': [0, 0, 0, 0, 0, 0, 6], 'wind_speed_10m_max': [23.5, 31.4, 29.5, 25.3, 19.2, 14.3, 22.3], 'wind_gusts_10m_max': [42.5, 51.8, 49.3, 43.6, 36.4, 25.9, 37.4], 'weather_code': [0, 0, 3, 2, 3, 0, 0]}"
Guercif,34.23,-3.36,Morocco,MA,Oriental,,80703,80703,34.25,-3.375,0.3728866577148437,3600,Africa/Casablanca,GMT+1,371.0,"{'time': 'iso8601', 'temperature_2m_max': '°C', 'temperature_2m_min': '°C', 'precipitation_sum': 'mm', 'precipitation_probability_max': '%', 'wind_speed_10m_max': 'km/h', 'wind_gusts_10m_max': 'km/h', 'weather_code': 'wmo code'}","{'time': ['2026-09-15', '2026-09-16', '2026-09-17', '2026-09-18', '2026-09-19', '2026-09-20', '2026-09-21'], 'temperature_2m_max': [33.8, 34.9, 31.7, 29.9, 30.1, 31.0, 30.9], 'temperature_2m_min': [18.9, 19.1, 20.2, 19.6, 19.5, 20.6, 19.8], 'precipitation_sum': [0.0, 0.0, 0.0, 0.0, 0.0, 0.0, 0.0], 'precipitation_probability_max': [0, 0, 5, 10, 13, 3, 3], 'wind_speed_10m_max': [23.2, 25.0, 29.7, 27.3, 31.1, 26.8, 28.2], 'wind_gusts_10m_max': [42.8, 44.6, 56.9, 49.7, 61.6, 48.2, 51.1], 'weather_code': [3, 1, 3, 3, 3, 3, 2]}"
Imi-n-Tanout,31.177,-8.8504,Morocco,MA,Marrakech-Safi,,25049,25049,31.1875,-8.875,1.101970672607422,3600,Africa/Casablanca,GMT+1,863.0,"{'time': 'iso8601', 'temperature_2m_max': '°C', 'temperature_2m_min': '°C', 'precipitation_sum': 'mm', 'precipitation_probability_max': '%', 'wind_speed_10m_max': 'km/h', 'wind_gusts_10m_max': 'km/h', 'weather_code': 'wmo code'}","{'time': ['2026-09-15', '2026-09-16', '2026-09-17', '2026-09-18', '2026-09-19', '2026-09-20', '2026-09-21'], 'temperature_2m_max': [33.7, 30.5, 25.0, 27.0, 30.3, 34.3, 33.6], 'temperature_2m_min': [25.5, 20.3, 16.5, 16.1, 20.0, 24.3, 24.7], 'precipitation_sum': [0.0, 0.0, 0.0, 0.0, 0.0, 0.6, 0.0], 'precipitation_probability_max': [5, 0, 0, 3, 5, 5, 5], 'wind_speed_10m_max': [26.1, 26.1, 18.4, 16.3, 15.2, 17.1, 18.5], 'wind_gusts_10m_max': [45.7, 46.1, 31.7, 28.8, 27.4, 40.3, 31.7], 'weather_code': [3, 1, 45, 45, 2, 80, 3]}"
Imzouren,35.1464,-3.8506,Morocco,MA,Tanger-Tétouan-Al Hoceïma,,34848,34848,35.125,-3.875,0.5772113800048828,3600,Africa/Casablanca,GMT+1,79.0,"{'time': 'iso8601', 'temperature_2m_max': '°C', 'temperature_2m_min': '°C', 'precipitation_sum': 'mm', 'precipitation_probability_max': '%', 'wind_speed_10m_max': 'km/h', 'wind_gusts_10m_max': 'km/h', 'weather_code': 'wmo code'}","{'time': ['2026-09-15', '2026-09-16', '2026-09-17', '2026-09-18', '2026-09-19', '2026-09-20', '2026-09-21'], 'temperature_2m_max': [27.1, 30.1, 26.1, 26.3, 29.6, 31.0, 30.6], 'temperature_2m_min': [19.8, 20.7, 19.0, 18.9, 18.4, 19.6, 21.3], 'precipitation_sum': [0.0, 0.0, 0.0, 0.0, 0.0, 0.0, 0.0], 'precipitation_probability_max': [0, 0, 3, 10, 8, 5, 0], 'wind_speed_10m_max': [11.5, 13.2, 17.0, 17.7, 23.7, 16.5, 16.5], 'wind_gusts_10m_max': [21.2, 23.8, 30.2, 32.0, 43.2, 34.9, 32.8], 'weather_code': [45, 1, 3, 3, 3, 1, 2]}"
Inezgane,30.3658,-9.5381,Morocco,MA,Souss-Massa,,137512,137512,30.375,-9.5625,0.9058713912963868,3600,Africa/Casablanca,GMT+1,14.0,"{'time': 'iso8601', 'temperature_2m_max': '°C', 'temperature_2m_min': '°C', 'precipitation_sum': 'mm', 'precipitation_probability_max': '%', 'wind_speed_10m_max': 'km/h', 'wind_gusts_10m_max': 'km/h', 'weather_code': 'wmo code'}","{'time': ['2026-09-15', '2026-09-16', '2026-09-17', '2026-09-18', '2026-09-19', '2026-09-20', '2026-09-21'], 'temperature_2m_max': [32.6, 32.4, 27.8, 25.5, 25.5, 30.0, 39.5], 'temperature_2m_min': [24.4, 21.8, 21.0, 20.2, 20.4, 19.9, 24.7], 'precipitation_sum': [0.0, 0.0, 0.0, 0.0, 0.0, 0.0, 0.0], 'precipitation_probability_max': [8, 0, 0, 0, 0, 0, 0], 'wind_speed_10m_max': [10.4, 11.9, 15.8, 14.1, 14.5, 13.8, 16.7], 'wind_gusts_10m_max': [30.2, 33.5, 43.6, 39.2, 39.6, 28.4, 34.9], 'weather_code': [3, 45, 3, 2, 45, 45, 1]}"
Jerada,34.31,-2.16,Morocco,MA,Oriental,,41014,41014,34.3125,-2.1875,0.9982585906982422,3600,Africa/Casablanca,GMT+1,1050.0,"{'time': 'iso8601', 'temperature_2m_max': '°C', 'temperature_2m_min': '°C', 'precipitation_sum': 'mm', 'precipitation_probability_max': '%', 'wind_speed_10m_max': 'km/h', 'wind_gusts_10m_max': 'km/h', 'weather_code': 'wmo code'}","{'time': ['2026-09-15', '2026-09-16', '2026-09-17', '2026-09-18', '2026-09-19', '2026-09-20', '2026-09-21'], 'temperature_2m_max': [30.5, 29.6, 28.9, 26.4, 27.4, 30.9, 29.8], 'temperature_2m_min': [19.2, 18.0, 17.5, 16.3, 15.6, 18.5, 15.7], 'precipitation_sum': [0.0, 0.0, 0.5, 0.0, 0.0, 0.0, 0.0], 'precipitation_probability_max': [0, 0, 11, 18, 20, 7, 5], 'wind_speed_10m_max': [18.5, 22.0, 17.3, 20.6, 19.6, 21.4, 22.5], 'wind_gusts_10m_max': [34.9, 41.0, 35.3, 44.6, 57.2, 38.9, 41.0], 'weather_code': [2, 1, 80, 3, 2, 2, 3]}"
Kenitra,34.25,-6.5833,Morocco,MA,Rabat-Salé-Kénitra,,507736,507736,34.25,-6.5625,2.9311180114746094,3600,Africa/Casablanca,GMT+1,18.0,"{'time': 'iso8601', 'temperature_2m_max': '°C', 'temperature_2m_min': '°C', 'precipitation_sum': 'mm', 'precipitation_probability_max': '%', 'wind_speed_10m_max': 'km/h', 'wind_gusts_10m_max': 'km/h', 'weather_code': 'wmo code'}","{'time': ['2026-09-15', '2026-09-16', '2026-09-17', '2026-09-18', '2026-09-19', '2026-09-20', '2026-09-21'], 'temperature_2m_max': [29.2, 27.1, 27.0, 27.6, 31.5, 35.7, 30.4], 'temperature_2m_min': [21.2, 20.9, 18.8, 16.4, 16.9, 23.2, 22.4], 'precipitation_sum': [0.0, 0.0, 0.0, 0.0, 0.0, 0.0, 0.0], 'precipitation_probability_max': [0, 0, 0, 3, 3, 0, 0], 'wind_speed_10m_max': [12.6, 16.5, 12.2, 13.9, 14.7, 13.0, 12.0], 'wind_gusts_10m_max': [32.0, 39.2, 30.6, 33.5, 38.2, 29.5, 28.1], 'weather_code': [45, 2, 3, 45, 45, 2, 2]}"
Khénifra,32.93,-5.66,Morocco,MA,Béni Mellal-Khénifra,,123738,123738,32.9375,-5.6875,0.6107091903686523,3600,Africa/Casablanca,GMT+1,846.0,"{'time': 'iso8601', 'temperature_2m_max': '°C', 'temperature_2m_min': '°C', 'precipitation_sum': 'mm', 'precipitation_probability_max': '%', 'wind_speed_10m_max': 'km/h', 'wind_gusts_10m_max': 'km/h', 'weather_code': 'wmo code'}","{'time': ['2026-09-15', '2026-09-16', '2026-09-17', '2026-09-18', '2026-09-19', '2026-09-20', '2026-09-21'], 'temperature_2m_max': [35.6, 31.7, 31.4, 31.0, 34.3, 36.6, 34.6], 'temperature_2m_min': [20.1, 16.3, 16.0, 15.6, 18.1, 22.5, 24.1], 'precipitation_sum': [0.0, 0.0, 0.0, 0.0, 0.0, 0.0, 0.9], 'precipitation_probability_max': [3, 0, 13, 13, 3, 3, 8], 'wind_speed_10m_max': [20.0, 15.7, 18.7, 14.1, 15.8, 18.9, 16.4], 'wind_gusts_10m_max': [37.4, 30.6, 35.3, 26.3, 31.0, 33.8, 31.0], 'weather_code': [3, 1, 3, 3, 2, 2, 80]}"
Kouribga,32.88,-6.9,Morocco,MA,Béni Mellal-Khénifra,,191807,191807,32.875,-6.875,2.295255661010742,3600,Africa/Casablanca,GMT+1,798.0,"{'time': 'iso8601', 'temperature_2m_max': '°C', 'temperature_2m_min': '°C', 'precipitation_sum': 'mm', 'precipitation_probability_max': '%', 'wind_speed_10m_max': 'km/h', 'wind_gusts_10m_max': 'km/h', 'weather_code': 'wmo code'}","{'time': ['2026-09-15', '2026-09-16', '2026-09-17', '2026-09-18', '2026-09-19', '2026-09-20', '2026-09-21'], 'temperature_2m_max': [34.9, 31.5, 28.3, 29.4, 33.7, 36.8, 34.9], 'temperature_2m_min': [23.7, 17.5, 14.9, 15.3, 17.5, 23.4, 23.0], 'precipitation_sum': [0.0, 0.0, 0.0, 0.0, 0.0, 0.0, 1.2], 'precipitation_probability_max': [3, 0, 0, 10, 6, 5, 5], 'wind_speed_10m_max': [23.6, 19.9, 18.1, 15.5, 17.2, 22.3, 11.0], 'wind_gusts_10m_max': [46.1, 38.2, 34.2, 31.0, 33.1, 46.4, 25.9], 'weather_code': [3, 2, 3, 3, 2, 2, 3]}"
Ksar El Kebir,35.0,-5.9,Morocco,MA,Tanger-Tétouan-Al Hoceïma,,124701,124701,35.0,-5.875,0.7936954498291016,3600,Africa/Casablanca,GMT+1,25.0,"{'time': 'iso8601', 'temperature_2m_max': '°C', 'temperature_2m_min': '°C', 'precipitation_sum': 'mm', 'precipitation_probability_max': '%', 'wind_speed_10m_max': 'km/h', 'wind_gusts_10m_max': 'km/h', 'weather_code': 'wmo code'}","{'time': ['2026-09-15', '2026-09-16', '2026-09-17', '2026-09-18', '2026-09-19', '2026-09-20', '2026-09-21'], 'temperature_2m_max': [35.6, 30.9, 29.2, 30.6, 36.0, 39.1, 39.0], 'temperature_2m_min': [20.9, 19.8, 18.9, 16.3, 18.2, 21.4, 23.1], 'precipitation_sum': [0.0, 0.0, 0.0, 0.0, 0.0, 0.0, 0.0], 'precipitation_probability_max': [0, 0, 0, 3, 3, 3, 0], 'wind_speed_10m_max': [23.5, 16.9, 17.1, 17.9, 10.6, 11.5, 12.5], 'wind_gusts_10m_max': [43.6, 33.1, 33.1, 34.6, 22.3, 25.6, 25.6], 'weather_code': [45, 3, 3, 45, 45, 0, 1]}"
Larache,35.1833,-6.15,Morocco,MA,Tanger-Tétouan-Al Hoceïma,,133731,133731,35.1875,-6.125,19.26732063293457,3600,Africa/Casablanca,GMT+1,48.0,"{'time': 'iso8601', 'temperature_2m_max': '°C', 'temperature_2m_min': '°C', 'precipitation_sum': 'mm', 'precipitation_probability_max': '%', 'wind_speed_10m_max': 'km/h', 'wind_gusts_10m_max': 'km/h', 'weather_code': 'wmo code'}","{'time': ['2026-09-15', '2026-09-16', '2026-09-17', '2026-09-18', '2026-09-19', '2026-09-20', '2026-09-21'], 'temperature_2m_max': [29.8, 27.4, 26.3, 26.3, 35.2, 38.2, 36.0], 'temperature_2m_min': [19.4, 18.4, 18.0, 15.9, 16.5, 23.3, 21.4], 'precipitation_sum': [0.0, 0.0, 0.0, 0.0, 0.0, 0.0, 0.0], 'precipitation_probability_max': [0, 0, 1, 5, 3, 3, 3], 'wind_speed_10m_max': [22.5, 16.2, 13.8, 17.3, 18.2, 16.6, 13.1], 'wind_gusts_10m_max': [41.4, 31.3, 26.3, 33.1, 34.9, 32.0, 25.2], 'weather_code': [1, 3, 3, 45, 2, 0, 1]}"
Laâyoune,27.15,-13.2,Morocco,MA,Laâyoune-Sakia El Hamra,,262791,262791,27.170473,-13.229401,18.408656120300293,3600,Africa/El_Aaiun,GMT+1,70.0,"{'time': 'iso8601', 'temperature_2m_max': '°C', 'temperature_2m_min': '°C', 'precipitation_sum': 'mm', 'precipitation_probability_max': '%', 'wind_speed_10m_max': 'km/h', 'wind_gusts_10m_max': 'km/h', 'weather_code': 'wmo code'}","{'time': ['2026-09-15', '2026-09-16', '2026-09-17', '2026-09-18', '2026-09-19', '2026-09-20', '2026-09-21'], 'temperature_2m_max': [39.4, 35.7, 28.4, 27.9, 28.8, 32.8, 35.3], 'temperature_2m_min': [25.2, 21.9, 21.5, 20.3, 18.3, 18.7, 20.0], 'precipitation_sum': [0.0, 0.0, 0.0, 0.0, 0.0, 0.0, 0.0], 'precipitation_probability_max': [0, 0, 0, 0, 2, 0, 4], 'wind_speed_10m_max': [24.7, 26.4, 31.4, 27.7, 24.1, 22.0, 20.7], 'wind_gusts_10m_max': [46.8, 51.1, 59.8, 54.0, 47.2, 43.9, 45.7], 'weather_code': [0, 0, 3, 3, 1, 2, 0]}"
Lqoliaa,30.2942,-9.4544,Morocco,MA,Souss-Massa,,107133,107133,30.3125,-9.4375,0.4006624221801758,3600,Africa/Casablanca,GMT+1,61.0,"{'time': 'iso8601', 'temperature_2m_max': '°C', 'temperature_2m_min': '°C', 'precipitation_sum': 'mm', 'precipitation_probability_max': '%', 'wind_speed_10m_max': 'km/h', 'wind_gusts_10m_max': 'km/h', 'weather_code': 'wmo code'}","{'time': ['2026-09-15', '2026-09-16', '2026-09-17', '2026-09-18', '2026-09-19', '2026-09-20', '2026-09-21'], 'temperature_2m_max': [36.0, 31.8, 28.2, 27.7, 28.1, 27.6, 35.9], 'temperature_2m_min': [25.7, 21.6, 21.1, 20.1, 20.5, 20.3, 21.3], 'precipitation_sum': [0.0, 0.0, 0.0, 0.0, 0.0, 0.0, 0.0], 'precipitation_probability_max': [3, 0, 0, 0, 0, 0, 0], 'wind_speed_10m_max': [16.8, 22.5, 20.9, 18.8, 22.1, 17.4, 15.1], 'wind_gusts_10m_max': [37.1, 45.4, 46.4, 41.4, 47.5, 39.6, 34.9], 'weather_code': [3, 1, 3, 3, 2, 2, 1]}"
Marrakech,31.6295,-7.9811,Morocco,MA,Marrakech-Safi,admin,1085330,1002697,31.625,-8.0,0.3194808959960937,3600,Africa/Casablanca,GMT+1,469.0,"{'time': 'iso8601', 'temperature_2m_max': '°C', 'temperature_2m_min': '°C', 'precipitation_sum': 'mm', 'precipitation_probability_max': '%', 'wind_speed_10m_max': 'km/h', 'wind_gusts_10m_max': 'km/h', 'weather_code': 'wmo code'}","{'time': ['2026-09-15', '2026-09-16', '2026-09-17', '2026-09-18', '2026-09-19', '2026-09-20', '2026-09-21'], 'temperature_2m_max': [38.0, 35.0, 30.1, 31.9, 36.4, 39.7, 37.5], 'temperature_2m_min': [25.6, 22.0, 19.1, 19.3, 20.7, 23.8, 23.6], 'precipitation_sum': [0.0, 0.0, 0.0, 0.0, 0.0, 0.0, 0.0], 'precipitation_probability_max': [3, 0, 0, 5, 4, 5, 3], 'wind_speed_10m_max': [10.7, 12.7, 10.6, 7.2, 9.3, 21.1, 17.3], 'wind_gusts_10m_max': [32.8, 34.9, 27.7, 23.8, 26.3, 36.0, 29.5], 'weather_code': [3, 1, 3, 3, 2, 3, 1]}"
Martil,35.61,-5.27,Morocco,MA,Tanger-Tétouan-Al Hoceïma,,95896,95896,35.625,-5.3125,0.7812976837158203,3600,Africa/Casablanca,GMT+1,2.0,"{'time': 'iso8601', 'temperature_2m_max': '°C', 'temperature_2m_min': '°C', 'precipitation_sum': 'mm', 'precipitation_probability_max': '%', 'wind_speed_10m_max': 'km/h', 'wind_gusts_10m_max': 'km/h', 'weather_code': 'wmo code'}","{'time': ['2026-09-15', '2026-09-16', '2026-09-17', '2026-09-18', '2026-09-19', '2026-09-20', '2026-09-21'], 'temperature_2m_max': [26.8, 32.4, 26.0, 25.1, 25.1, 25.7, 25.5], 'temperature_2m_min': [21.7, 20.9, 16.9, 20.9, 22.0, 22.6, 22.2], 'precipitation_sum': [0.0, 0.0, 0.0, 0.0, 0.9, 0.6, 0.0], 'precipitation_probability_max': [0, 0, 0, 8, 23, 13, 0], 'wind_speed_10m_max': [10.0, 26.6, 13.3, 15.8, 23.5, 32.2, 30.1], 'wind_gusts_10m_max': [24.5, 60.1, 31.0, 36.4, 55.4, 58.3, 53.3], 'weather_code': [2, 3, 3, 45, 2, 2, 2]}"
Mechraa Bel Ksiri,34.56,-5.95,Morocco,MA,Rabat-Salé-Kénitra,,32615,32615,34.5625,-5.9375,1.067399978637695,3600,Africa/Casablanca,GMT+1,17.0,"{'time': 'iso8601', 'temperature_2m_max': '°C', 'temperature_2m_min': '°C', 'precipitation_sum': 'mm', 'precipitation_probability_max': '%', 'wind_speed_10m_max': 'km/h', 'wind_gusts_10m_max': 'km/h', 'weather_code': 'wmo code'}","{'time': ['2026-09-15', '2026-09-16', '2026-09-17', '2026-09-18', '2026-09-19', '2026-09-20', '2026-09-21'], 'temperature_2m_max': [34.9, 30.3, 29.6, 31.5, 36.5, 39.9, 39.9], 'temperature_2m_min': [20.8, 19.5, 18.7, 16.3, 17.3, 24.6, 23.9], 'precipitation_sum': [0.0, 0.0, 0.0, 0.0, 0.0, 0.0, 0.0], 'precipitation_probability_max': [0, 0, 1, 8, 2, 3, 0], 'wind_speed_10m_max': [18.4, 19.7, 16.9, 18.0, 15.9, 21.7, 18.5], 'wind_gusts_10m_max': [34.6, 36.0, 31.3, 33.1, 28.1, 41.0, 34.2], 'weather_code': [45, 2, 3, 45, 45, 1, 1]}"
Mediouna,33.4556,-7.5208,Morocco,MA,Casablanca-Settat,,34510,34510,33.4375,-7.5,0.2428293228149414,3600,Africa/Casablanca,GMT+1,180.0,"{'time': 'iso8601', 'temperature_2m_max': '°C', 'temperature_2m_min': '°C', 'precipitation_sum': 'mm', 'precipitation_probability_max': '%', 'wind_speed_10m_max': 'km/h', 'wind_gusts_10m_max': 'km/h', 'weather_code': 'wmo code'}","{'time': ['2026-09-15', '2026-09-16', '2026-09-17', '2026-09-18', '2026-09-19', '2026-09-20', '2026-09-21'], 'temperature_2m_max': [33.6, 28.1, 27.6, 28.2, 30.5, 31.2, 29.6], 'temperature_2m_min': [20.8, 19.7, 19.0, 17.4, 17.2, 21.6, 21.1], 'precipitation_sum': [0.0, 0.0, 0.0, 0.0, 0.0, 0.0, 0.0], 'precipitation_probability_max': [0, 0, 0, 3, 2, 3, 0], 'wind_speed_10m_max': [17.8, 17.5, 16.4, 18.2, 18.4, 12.0, 13.4], 'wind_gusts_10m_max': [32.0, 31.7, 30.2, 32.4, 32.8, 31.0, 34.2], 'weather_code': [45, 2, 3, 3, 2, 2, 2]}"
Mehdya,34.2557,-6.6745,Morocco,MA,Rabat-Salé-Kénitra,,58558,58558,34.25,-6.625,0.3250837326049804,3600,Africa/Casablanca,GMT+1,16.0,"{'time': 'iso8601', 'temperature_2m_max': '°C', 'temperature_2m_min': '°C', 'precipitation_sum': 'mm', 'precipitation_probability_max': '%', 'wind_speed_10m_max': 'km/h', 'wind_gusts_10m_max': 'km/h', 'weather_code': 'wmo code'}","{'time': ['2026-09-15', '2026-09-16', '2026-09-17', '2026-09-18', '2026-09-19', '2026-09-20', '2026-09-21'], 'temperature_2m_max': [28.0, 26.8, 26.4, 26.5, 31.2, 35.7, 30.4], 'temperature_2m_min': [21.0, 21.1, 19.0, 16.9, 17.3, 23.3, 22.4], 'precipitation_sum': [0.0, 0.0, 0.0, 0.0, 0.0, 0.0, 0.0], 'precipitation_probability_max': [0, 0, 0, 3, 3, 0, 0], 'wind_speed_10m_max': [12.6, 15.8, 11.9, 14.0, 15.7, 13.0, 12.0], 'wind_gusts_10m_max': [28.1, 34.9, 27.4, 30.6, 34.6, 29.5, 28.1], 'weather_code': [45, 2, 3, 45, 45, 2, 2]}"
Meknès,33.8833,-5.55,Morocco,MA,Fès-Meknès,,601000,601000,33.875,-5.5625,0.3539323806762695,3600,Africa/Casablanca,GMT+1,542.0,"{'time': 'iso8601', 'temperature_2m_max': '°C', 'temperature_2m_min': '°C', 'precipitation_sum': 'mm', 'precipitation_probability_max': '%', 'wind_speed_10m_max': 'km/h', 'wind_gusts_10m_max': 'km/h', 'weather_code': 'wmo code'}","{'time': ['2026-09-15', '2026-09-16', '2026-09-17', '2026-09-18', '2026-09-19', '2026-09-20', '2026-09-21'], 'temperature_2m_max': [33.8, 30.4, 27.7, 29.3, 33.7, 36.5, 37.3], 'temperature_2m_min': [21.8, 18.7, 17.5, 16.4, 18.2, 21.4, 22.6], 'precipitation_sum': [0.0, 0.0, 0.0, 0.0, 0.0, 0.0, 0.0], 'precipitation_probability_max': [0, 0, 0, 8, 3, 3, 0], 'wind_speed_10m_max': [16.1, 15.5, 14.5, 12.3, 11.7, 16.7, 16.4], 'wind_gusts_10m_max': [41.4, 40.3, 36.7, 32.0, 31.7, 37.4, 37.1], 'weather_code': [2, 1, 45, 3, 3, 2, 2]}"
Midalt,32.68,-4.74,Morocco,MA,Drâa-Tafilalet,,62648,62648,32.6875,-4.75,0.3001689910888672,3600,Africa/Casablanca,GMT+1,1466.0,"{'time': 'iso8601', 'temperature_2m_max': '°C', 'temperature_2m_min': '°C', 'precipitation_sum': 'mm', 'precipitation_probability_max': '%', 'wind_speed_10m_max': 'km/h', 'wind_gusts_10m_max': 'km/h', 'weather_code': 'wmo code'}","{'time': ['2026-09-15', '2026-09-16', '2026-09-17', '2026-09-18', '2026-09-19', '2026-09-20', '2026-09-21'], 'temperature_2m_max': [30.2, 27.2, 27.3, 27.4, 27.4, 30.7, 29.6], 'temperature_2m_min': [18.2, 17.3, 14.5, 14.2, 13.6, 15.1, 16.6], 'precipitation_sum': [0.0, 0.0, 1.7, 0.1, 0.0, 0.0, 1.2], 'precipitation_probability_max': [8, 0, 45, 18, 20, 12, 13], 'wind_speed_10m_max': [20.3, 22.7, 18.0, 25.4, 18.9, 16.1, 26.6], 'wind_gusts_10m_max': [34.9, 41.4, 36.4, 42.5, 33.8, 24.8, 45.0], 'weather_code': [3, 1, 80, 3, 2, 2, 80]}"
Missour,33.05,-3.9908,Morocco,MA,Fès-Meknès,,28408,28408,33.0625,-4.0,0.8857250213623047,3600,Africa/Casablanca,GMT+1,887.0,"{'time': 'iso8601', 'temperature_2m_max': '°C', 'temperature_2m_min': '°C', 'precipitation_sum': 'mm', 'precipitation_probability_max': '%', 'wind_speed_10m_max': 'km/h', 'wind_gusts_10m_max': 'km/h', 'weather_code': 'wmo code'}","{'time': ['2026-09-15', '2026-09-16', '2026-09-17', '2026-09-18', '2026-09-19', '2026-09-20', '2026-09-21'], 'temperature_2m_max': [35.7, 32.6, 31.5, 30.0, 30.5, 34.4, 32.3], 'temperature_2m_min': [20.6, 18.3, 17.4, 16.6, 17.6, 18.4, 20.1], 'precipitation_sum': [0.0, 0.0, 0.5, 0.0, 0.0, 0.0, 1.5], 'precipitation_probability_max': [15, 0, 25, 18, 23, 11, 9], 'wind_speed_10m_max': [22.2, 22.2, 19.2, 29.0, 20.8, 22.9, 12.9], 'wind_gusts_10m_max': [38.5, 36.7, 30.6, 46.8, 42.1, 35.6, 24.5], 'weather_code': [3, 1, 80, 3, 3, 3, 80]}"
Mohammedia,33.6833,-7.3833,Morocco,MA,Casablanca-Settat,,194358,194358,33.6875,-7.375,14.593958854675291,3600,Africa/Casablanca,GMT+1,26.0,"{'time': 'iso8601', 'temperature_2m_max': '°C', 'temperature_2m_min': '°C', 'precipitation_sum': 'mm', 'precipitation_probability_max': '%', 'wind_speed_10m_max': 'km/h', 'wind_gusts_10m_max': 'km/h', 'weather_code': 'wmo code'}","{'time': ['2026-09-15', '2026-09-16', '2026-09-17', '2026-09-18', '2026-09-19', '2026-09-20', '2026-09-21'], 'temperature_2m_max': [27.5, 25.6, 25.4, 24.9, 26.4, 34.2, 33.0], 'temperature_2m_min': [21.2, 20.6, 20.1, 18.6, 17.7, 20.5, 22.4], 'precipitation_sum': [0.0, 0.0, 0.0, 0.0, 0.0, 0.0, 0.0], 'precipitation_probability_max': [0, 0, 0, 3, 2, 3, 0], 'wind_speed_10m_max': [13.0, 15.5, 13.5, 13.8, 14.1, 17.0, 17.3], 'wind_gusts_10m_max': [30.2, 36.0, 32.0, 33.1, 33.5, 31.3, 32.8], 'weather_code': [45, 2, 3, 3, 2, 2, 45]}"
Moulay Abdallah,33.1978,-8.5883,Morocco,MA,Casablanca-Settat,,103993,103993,33.1875,-8.5625,1.071929931640625,3600,Africa/Casablanca,GMT+1,15.0,"{'time': 'iso8601', 'temperature_2m_max': '°C', 'temperature_2m_min': '°C', 'precipitation_sum': 'mm', 'precipitation_probability_max': '%', 'wind_speed_10m_max': 'km/h', 'wind_gusts_10m_max': 'km/h', 'weather_code': 'wmo code'}","{'time': ['2026-09-15', '2026-09-16', '2026-09-17', '2026-09-18', '2026-09-19', '2026-09-20', '2026-09-21'], 'temperature_2m_max': [29.0, 26.2, 26.3, 26.2, 27.2, 30.3, 27.8], 'temperature_2m_min': [21.7, 21.4, 19.9, 20.2, 19.6, 21.7, 21.7], 'precipitation_sum': [0.0, 0.0, 0.0, 0.0, 0.0, 0.0, 0.0], 'precipitation_probability_max': [0, 0, 0, 0, 0, 0, 0], 'wind_speed_10m_max': [19.7, 20.9, 18.3, 19.5, 19.7, 16.9, 12.8], 'wind_gusts_10m_max': [32.0, 33.5, 29.2, 31.0, 32.8, 32.0, 25.9], 'weather_code': [45, 45, 3, 3, 2, 2, 45]}"
Moulay Bousselham,34.8786,-6.2933,Morocco,MA,Rabat-Salé-Kénitra,,32643,32643,34.875,-6.25,1.2451410293579102,3600,Africa/Casablanca,GMT+1,44.0,"{'time': 'iso8601', 'temperature_2m_max': '°C', 'temperature_2m_min': '°C', 'precipitation_sum': 'mm', 'precipitation_probability_max': '%', 'wind_speed_10m_max': 'km/h', 'wind_gusts_10m_max': 'km/h', 'weather_code': 'wmo code'}","{'time': ['2026-09-15', '2026-09-16', '2026-09-17', '2026-09-18', '2026-09-19', '2026-09-20', '2026-09-21'], 'temperature_2m_max': [27.6, 25.7, 25.3, 25.0, 29.7, 37.7, 35.9], 'temperature_2m_min': [19.4, 18.9, 18.5, 16.1, 17.8, 20.3, 20.9], 'precipitation_sum': [0.0, 0.0, 0.0, 0.0, 0.0, 0.0, 0.0], 'precipitation_probability_max': [0, 0, 0, 3, 3, 3, 0], 'wind_speed_10m_max': [22.6, 16.7, 14.3, 18.6, 15.2, 13.1, 17.5], 'wind_gusts_10m_max': [36.7, 28.1, 23.8, 31.3, 26.3, 24.6, 33.8], 'weather_code': [45, 45, 3, 45, 45, 0, 0]}"
Mrirt,33.1654,-5.5634,Morocco,MA,Béni Mellal-Khénifra,,46285,46285,33.1875,-5.5625,0.354766845703125,3600,Africa/Casablanca,GMT+1,1114.0,"{'time': 'iso8601', 'temperature_2m_max': '°C', 'temperature_2m_min': '°C', 'precipitation_sum': 'mm', 'precipitation_probability_max': '%', 'wind_speed_10m_max': 'km/h', 'wind_gusts_10m_max': 'km/h', 'weather_code': 'wmo code'}","{'time': ['2026-09-15', '2026-09-16', '2026-09-17', '2026-09-18', '2026-09-19', '2026-09-20', '2026-09-21'], 'temperature_2m_max': [33.9, 30.5, 29.7, 29.6, 32.7, 34.9, 32.3], 'temperature_2m_min': [19.7, 14.5, 15.0, 14.1, 15.9, 19.3, 18.5], 'precipitation_sum': [0.0, 0.0, 0.0, 0.0, 0.0, 0.0, 1.2], 'precipitation_probability_max': [0, 0, 13, 15, 8, 5, 17], 'wind_speed_10m_max': [20.3, 18.7, 20.2, 17.9, 16.8, 18.4, 11.1], 'wind_gusts_10m_max': [41.8, 38.5, 40.7, 36.7, 38.2, 45.4, 33.1], 'weather_code': [3, 3, 3, 3, 3, 3, 80]}"
My Drarga,30.3805,-9.4763,Morocco,MA,Souss-Massa,,107621,107621,30.375,-9.5,0.3174543380737304,3600,Africa/Casablanca,GMT+1,34.0,"{'time': 'iso8601', 'temperature_2m_max': '°C', 'temperature_2m_min': '°C', 'precipitation_sum': 'mm', 'precipitation_probability_max': '%', 'wind_speed_10m_max': 'km/h', 'wind_gusts_10m_max': 'km/h', 'weather_code': 'wmo code'}","{'time': ['2026-09-15', '2026-09-16', '2026-09-17', '2026-09-18', '2026-09-19', '2026-09-20', '2026-09-21'], 'temperature_2m_max': [34.5, 32.1, 28.5, 26.9, 27.2, 29.8, 39.4], 'temperature_2m_min': [26.0, 22.7, 20.9, 20.0, 20.4, 20.3, 24.5], 'precipitation_sum': [0.0, 0.0, 0.0, 0.0, 0.0, 0.0, 0.0], 'precipitation_probability_max': [8, 0, 0, 0, 0, 0, 0], 'wind_speed_10m_max': [12.6, 16.8, 20.1, 17.4, 17.3, 13.8, 16.7], 'wind_gusts_10m_max': [27.0, 33.8, 43.6, 39.2, 38.2, 28.4, 34.9], 'weather_code': [3, 45, 3, 2, 45, 45, 1]}"
M’diq,35.68,-5.32,Morocco,MA,Tanger-Tétouan-Al Hoceïma,,67599,67599,35.625,-5.3125,0.2847909927368164,3600,Africa/Casablanca,GMT+1,23.0,"{'time': 'iso8601', 'temperature_2m_max': '°C', 'temperature_2m_min': '°C', 'precipitation_sum': 'mm', 'precipitation_probability_max': '%', 'wind_speed_10m_max': 'km/h', 'wind_gusts_10m_max': 'km/h', 'weather_code': 'wmo code'}","{'time': ['2026-09-15', '2026-09-16', '2026-09-17', '2026-09-18', '2026-09-19', '2026-09-20', '2026-09-21'], 'temperature_2m_max': [26.7, 32.3, 25.8, 25.0, 25.0, 26.7, 26.8], 'temperature_2m_min': [21.5, 20.7, 16.8, 20.7, 21.8, 22.5, 22.6], 'precipitation_sum': [0.0, 0.0, 0.0, 0.0, 0.9, 0.6, 0.0], 'precipitation_probability_max': [0, 0, 0, 8, 5, 5, 0], 'wind_speed_10m_max': [10.0, 26.6, 13.3, 15.8, 23.5, 36.4, 32.4], 'wind_gusts_10m_max': [24.5, 60.1, 31.0, 36.4, 55.4, 77.8, 67.3], 'weather_code': [2, 3, 3, 45, 2, 2, 2]}"
Nador,35.1667,-2.9333,Morocco,MA,Oriental,,161726,161726,35.1875,-2.9375,0.3783702850341797,3600,Africa/Casablanca,GMT+1,20.0,"{'time': 'iso8601', 'temperature_2m_max': '°C', 'temperature_2m_min': '°C', 'precipitation_sum': 'mm', 'precipitation_probability_max': '%', 'wind_speed_10m_max': 'km/h', 'wind_gusts_10m_max': 'km/h', 'weather_code': 'wmo code'}","{'time': ['2026-09-15', '2026-09-16', '2026-09-17', '2026-09-18', '2026-09-19', '2026-09-20', '2026-09-21'], 'temperature_2m_max': [26.8, 30.2, 26.8, 25.2, 25.6, 26.4, 26.7], 'temperature_2m_min': [21.7, 21.9, 21.5, 22.2, 22.5, 23.3, 21.8], 'precipitation_sum': [0.0, 0.0, 0.1, 1.6, 0.3, 0.0, 0.0], 'precipitation_probability_max': [0, 0, 5, 10, 8, 5, 0], 'wind_speed_10m_max': [11.0, 9.7, 17.0, 14.0, 20.5, 24.7, 23.9], 'wind_gusts_10m_max': [25.9, 26.3, 38.2, 31.7, 44.3, 45.4, 41.4], 'weather_code': [2, 2, 3, 80, 3, 3, 2]}"
Oued Zem,32.8619,-6.5711,Morocco,MA,Béni Mellal-Khénifra,,93776,93776,32.875,-6.5625,0.3266334533691406,3600,Africa/Casablanca,GMT+1,780.0,"{'time': 'iso8601', 'temperature_2m_max': '°C', 'temperature_2m_min': '°C', 'precipitation_sum': 'mm', 'precipitation_probability_max': '%', 'wind_speed_10m_max': 'km/h', 'wind_gusts_10m_max': 'km/h', 'weather_code': 'wmo code'}","{'time': ['2026-09-15', '2026-09-16', '2026-09-17', '2026-09-18', '2026-09-19', '2026-09-20', '2026-09-21'], 'temperature_2m_max': [35.6, 32.1, 29.7, 30.6, 34.6, 37.0, 34.1], 'temperature_2m_min': [22.9, 18.9, 16.2, 16.3, 18.3, 24.2, 23.2], 'precipitation_sum': [0.0, 0.0, 0.0, 0.0, 0.0, 0.0, 0.3], 'precipitation_probability_max': [0, 0, 3, 13, 6, 3, 0], 'wind_speed_10m_max': [21.5, 18.5, 17.0, 16.1, 18.5, 20.8, 15.5], 'wind_gusts_10m_max': [42.8, 39.6, 34.2, 32.4, 36.0, 37.8, 35.6], 'weather_code': [3, 1, 3, 3, 2, 2, 3]}"
Ouezzane,34.8,-5.6,Morocco,MA,Tanger-Tétouan-Al Hoceïma,,57737,57737,34.8125,-5.625,2.471923828125,3600,Africa/Casablanca,GMT+1,229.0,"{'time': 'iso8601', 'temperature_2m_max': '°C', 'temperature_2m_min': '°C', 'precipitation_sum': 'mm', 'precipitation_probability_max': '%', 'wind_speed_10m_max': 'km/h', 'wind_gusts_10m_max': 'km/h', 'weather_code': 'wmo code'}","{'time': ['2026-09-15', '2026-09-16', '2026-09-17', '2026-09-18', '2026-09-19', '2026-09-20', '2026-09-21'], 'temperature_2m_max': [35.3, 30.6, 29.3, 31.0, 36.0, 38.5, 38.7], 'temperature_2m_min': [19.8, 17.2, 16.6, 16.1, 17.0, 20.0, 23.7], 'precipitation_sum': [0.0, 0.0, 0.0, 0.0, 0.0, 0.0, 0.0], 'precipitation_probability_max': [0, 0, 1, 8, 6, 0, 0], 'wind_speed_10m_max': [19.6, 17.3, 20.6, 16.4, 11.9, 17.7, 14.0], 'wind_gusts_10m_max': [41.8, 34.6, 39.6, 32.8, 27.7, 34.9, 28.4], 'weather_code': [0, 3, 3, 3, 2, 0, 1]}"
Oujda-Angad,34.6867,-1.9114,Morocco,MA,Oriental,admin,506224,506224,34.6875,-1.9375,0.9063482284545898,3600,Africa/Casablanca,GMT+1,551.0,"{'time': 'iso8601', 'temperature_2m_max': '°C', 'temperature_2m_min': '°C', 'precipitation_sum': 'mm', 'precipitation_probability_max': '%', 'wind_speed_10m_max': 'km/h', 'wind_gusts_10m_max': 'km/h', 'weather_code': 'wmo code'}","{'time': ['2026-09-15', '2026-09-16', '2026-09-17', '2026-09-18', '2026-09-19', '2026-09-20', '2026-09-21'], 'temperature_2m_max': [31.0, 32.6, 28.7, 27.6, 28.2, 30.3, 29.6], 'temperature_2m_min': [16.2, 15.7, 15.9, 18.0, 17.7, 18.2, 17.2], 'precipitation_sum': [0.0, 0.0, 0.0, 0.0, 0.0, 0.0, 0.0], 'precipitation_probability_max': [0, 0, 8, 23, 28, 5, 5], 'wind_speed_10m_max': [17.3, 19.9, 20.9, 21.3, 19.7, 23.0, 22.4], 'wind_gusts_10m_max': [36.0, 41.0, 46.8, 45.0, 42.1, 41.0, 40.0], 'weather_code': [2, 1, 3, 45, 45, 45, 3]}"
Oulad Barhil,30.6408,-8.475,Morocco,MA,Souss-Massa,,30330,30330,30.625,-8.5,2.541065216064453,3600,Africa/Casablanca,GMT+1,500.0,"{'time': 'iso8601', 'temperature_2m_max': '°C', 'temperature_2m_min': '°C', 'precipitation_sum': 'mm', 'precipitation_probability_max': '%', 'wind_speed_10m_max': 'km/h', 'wind_gusts_10m_max': 'km/h', 'weather_code': 'wmo code'}","{'time': ['2026-09-15', '2026-09-16', '2026-09-17', '2026-09-18', '2026-09-19', '2026-09-20', '2026-09-21'], 'temperature_2m_max': [38.2, 36.5, 30.1, 30.3, 37.6, 39.9, 38.8], 'temperature_2m_min': [25.4, 22.1, 18.2, 17.8, 20.6, 22.3, 21.5], 'precipitation_sum': [0.0, 0.0, 0.0, 0.0, 0.0, 0.0, 0.0], 'precipitation_probability_max': [13, 0, 3, 5, 2, 3, 8], 'wind_speed_10m_max': [14.0, 26.2, 31.0, 26.2, 28.5, 15.4, 21.3], 'wind_gusts_10m_max': [28.1, 47.5, 56.2, 47.2, 52.9, 33.8, 42.1], 'weather_code': [3, 2, 3, 3, 2, 2, 2]}"
Oulad Tayeb,33.9598,-4.9954,Morocco,MA,Fès-Meknès,,56352,56352,33.9375,-5.0,0.2485513687133789,3600,Africa/Casablanca,GMT+1,510.0,"{'time': 'iso8601', 'temperature_2m_max': '°C', 'temperature_2m_min': '°C', 'precipitation_sum': 'mm', 'precipitation_probability_max': '%', 'wind_speed_10m_max': 'km/h', 'wind_gusts_10m_max': 'km/h', 'weather_code': 'wmo code'}","{'time': ['2026-09-15', '2026-09-16', '2026-09-17', '2026-09-18', '2026-09-19', '2026-09-20', '2026-09-21'], 'temperature_2m_max': [34.4, 31.6, 28.9, 30.4, 33.4, 35.7, 36.8], 'temperature_2m_min': [23.6, 21.1, 18.2, 18.3, 19.2, 21.0, 22.5], 'precipitation_sum': [0.0, 0.0, 0.0, 0.0, 0.0, 0.0, 0.0], 'precipitation_probability_max': [0, 0, 0, 10, 4, 3, 0], 'wind_speed_10m_max': [16.1, 17.1, 15.5, 12.9, 17.3, 17.4, 10.9], 'wind_gusts_10m_max': [30.6, 32.4, 30.2, 25.9, 34.2, 40.3, 30.6], 'weather_code': [2, 1, 45, 3, 3, 1, 2]}"
Oulad Teïma,30.4,-9.21,Morocco,MA,Souss-Massa,,100284,100284,30.375,-9.1875,0.2977848052978515,3600,Africa/Casablanca,GMT+1,124.0,"{'time': 'iso8601', 'temperature_2m_max': '°C', 'temperature_2m_min': '°C', 'precipitation_sum': 'mm', 'precipitation_probability_max': '%', 'wind_speed_10m_max': 'km/h', 'wind_gusts_10m_max': 'km/h', 'weather_code': 'wmo code'}","{'time': ['2026-09-15', '2026-09-16', '2026-09-17', '2026-09-18', '2026-09-19', '2026-09-20', '2026-09-21'], 'temperature_2m_max': [39.6, 35.3, 30.0, 30.0, 31.4, 29.6, 40.0], 'temperature_2m_min': [26.3, 22.0, 20.1, 19.3, 19.7, 20.0, 22.0], 'precipitation_sum': [0.0, 0.0, 0.0, 0.0, 0.0, 0.0, 0.0], 'precipitation_probability_max': [3, 0, 0, 0, 0, 0, 0], 'wind_speed_10m_max': [18.4, 22.1, 29.2, 20.7, 24.7, 24.9, 24.0], 'wind_gusts_10m_max': [36.4, 44.3, 56.2, 40.0, 47.5, 42.8, 43.2], 'weather_code': [3, 1, 2, 1, 45, 2, 1]}"
Oulad Yaïch,32.4167,-6.3333,Morocco,MA,Béni Mellal-Khénifra,,25785,25785,32.4375,-6.3125,0.26702880859375,3600,Africa/Casablanca,GMT+1,503.0,"{'time': 'iso8601', 'temperature_2m_max': '°C', 'temperature_2m_min': '°C', 'precipitation_sum': 'mm', 'precipitation_probability_max': '%', 'wind_speed_10m_max': 'km/h', 'wind_gusts_10m_max': 'km/h', 'weather_code': 'wmo code'}","{'time': ['2026-09-15', '2026-09-16', '2026-09-17', '2026-09-18', '2026-09-19', '2026-09-20', '2026-09-21'], 'temperature_2m_max': [38.8, 35.1, 32.0, 33.2, 37.6, 38.7, 36.7], 'temperature_2m_min': [25.5, 21.7, 18.0, 19.1, 20.8, 26.6, 28.5], 'precipitation_sum': [0.0, 0.0, 0.0, 0.0, 0.0, 0.0, 0.3], 'precipitation_probability_max': [3, 0, 3, 9, 4, 0, 3], 'wind_speed_10m_max': [17.3, 13.5, 13.2, 7.8, 9.4, 17.0, 22.4], 'wind_gusts_10m_max': [30.6, 24.1, 24.1, 16.2, 18.4, 37.4, 41.8], 'weather_code': [2, 0, 3, 3, 3, 3, 80]}"
Qasbat Tadla,32.6,-6.26,Morocco,MA,Béni Mellal-Khénifra,,48172,48172,32.625,-6.25,0.3159046173095703,3600,Africa/Casablanca,GMT+1,506.0,"{'time': 'iso8601', 'temperature_2m_max': '°C', 'temperature_2m_min': '°C', 'precipitation_sum': 'mm', 'precipitation_probability_max': '%', 'wind_speed_10m_max': 'km/h', 'wind_gusts_10m_max': 'km/h', 'weather_code': 'wmo code'}","{'time': ['2026-09-15', '2026-09-16', '2026-09-17', '2026-09-18', '2026-09-19', '2026-09-20', '2026-09-21'], 'temperature_2m_max': [38.8, 34.7, 32.2, 33.2, 37.6, 40.3, 36.8], 'temperature_2m_min': [22.9, 19.0, 17.6, 18.4, 20.8, 25.2, 21.3], 'precipitation_sum': [0.0, 0.0, 0.0, 0.0, 0.0, 0.0, 0.6], 'precipitation_probability_max': [5, 0, 5, 10, 6, 0, 3], 'wind_speed_10m_max': [18.8, 14.2, 13.3, 8.4, 12.8, 13.3, 13.7], 'wind_gusts_10m_max': [34.2, 29.2, 25.6, 16.9, 23.8, 24.8, 24.5], 'weather_code': [3, 0, 3, 3, 3, 3, 80]}"
Rabat,34.0211,-6.8414,Morocco,MA,Rabat-Salé-Kénitra,primary,572717,572717,34.0,-6.8125,0.3666877746582031,3600,Africa/Casablanca,GMT+1,18.0,"{'time': 'iso8601', 'temperature_2m_max': '°C', 'temperature_2m_min': '°C', 'precipitation_sum': 'mm', 'precipitation_probability_max': '%', 'wind_speed_10m_max': 'km/h', 'wind_gusts_10m_max': 'km/h', 'weather_code': 'wmo code'}","{'time': ['2026-09-15', '2026-09-16', '2026-09-17', '2026-09-18', '2026-09-19', '2026-09-20', '2026-09-21'], 'temperature_2m_max': [28.3, 26.3, 26.3, 26.0, 29.0, 32.5, 28.8], 'temperature_2m_min': [21.6, 20.8, 18.9, 18.0, 16.8, 20.4, 21.9], 'precipitation_sum': [0.0, 0.0, 0.0, 0.0, 0.0, 0.0, 0.0], 'precipitation_probability_max': [0, 0, 0, 5, 3, 3, 0], 'wind_speed_10m_max': [12.4, 14.8, 11.8, 11.8, 12.8, 10.6, 12.2], 'wind_gusts_10m_max': [32.0, 37.1, 31.0, 31.3, 32.4, 25.2, 29.5], 'weather_code': [45, 2, 3, 3, 45, 2, 3]}"
Safi,32.2833,-9.2333,Morocco,MA,Marrakech-Safi,,367249,367249,32.3125,-9.25,3.203868865966797,3600,Africa/Casablanca,GMT+1,53.0,"{'time': 'iso8601', 'temperature_2m_max': '°C', 'temperature_2m_min': '°C', 'precipitation_sum': 'mm', 'precipitation_probability_max': '%', 'wind_speed_10m_max': 'km/h', 'wind_gusts_10m_max': 'km/h', 'weather_code': 'wmo code'}","{'time': ['2026-09-15', '2026-09-16', '2026-09-17', '2026-09-18', '2026-09-19', '2026-09-20', '2026-09-21'], 'temperature_2m_max': [34.1, 27.8, 25.5, 25.8, 27.9, 29.3, 29.8], 'temperature_2m_min': [22.8, 21.2, 19.4, 19.4, 19.2, 22.0, 20.8], 'precipitation_sum': [0.0, 0.0, 0.0, 0.0, 0.0, 0.0, 0.0], 'precipitation_probability_max': [0, 0, 0, 0, 2, 3, 0], 'wind_speed_10m_max': [22.0, 26.9, 20.2, 20.2, 22.0, 13.1, 11.9], 'wind_gusts_10m_max': [40.7, 48.6, 36.7, 36.0, 39.6, 27.7, 23.0], 'weather_code': [3, 2, 3, 2, 2, 2, 2]}"
Sale,34.05,-6.8167,Morocco,MA,Rabat-Salé-Kénitra,,945101,945101,34.0,-6.8125,0.2176761627197265,3600,Africa/Casablanca,GMT+1,27.0,"{'time': 'iso8601', 'temperature_2m_max': '°C', 'temperature_2m_min': '°C', 'precipitation_sum': 'mm', 'precipitation_probability_max': '%', 'wind_speed_10m_max': 'km/h', 'wind_gusts_10m_max': 'km/h', 'weather_code': 'wmo code'}","{'time': ['2026-09-15', '2026-09-16', '2026-09-17', '2026-09-18', '2026-09-19', '2026-09-20', '2026-09-21'], 'temperature_2m_max': [28.2, 26.3, 26.2, 25.9, 28.9, 32.4, 28.8], 'temperature_2m_min': [21.6, 20.7, 18.9, 18.0, 16.8, 20.3, 21.8], 'precipitation_sum': [0.0, 0.0, 0.0, 0.0, 0.0, 0.0, 0.0], 'precipitation_probability_max': [0, 0, 0, 5, 3, 3, 0], 'wind_speed_10m_max': [12.4, 14.8, 11.8, 11.8, 12.8, 10.6, 12.2], 'wind_gusts_10m_max': [32.0, 37.1, 31.0, 31.3, 32.4, 25.2, 29.5], 'weather_code': [45, 2, 3, 3, 45, 2, 3]}"
Sebt Gzoula,32.1219,-9.0889,Morocco,MA,Marrakech-Safi,,24600,24600,32.125,-9.0625,0.5120038986206055,3600,Africa/Casablanca,GMT+1,173.0,"{'time': 'iso8601', 'temperature_2m_max': '°C', 'temperature_2m_min': '°C', 'precipitation_sum': 'mm', 'precipitation_probability_max': '%', 'wind_speed_10m_max': 'km/h', 'wind_gusts_10m_max': 'km/h', 'weather_code': 'wmo code'}","{'time': ['2026-09-15', '2026-09-16', '2026-09-17', '2026-09-18', '2026-09-19', '2026-09-20', '2026-09-21'], 'temperature_2m_max': [38.4, 31.9, 28.2, 30.3, 33.3, 30.4, 31.1], 'temperature_2m_min': [24.6, 20.7, 18.5, 18.7, 18.7, 22.1, 20.5], 'precipitation_sum': [0.0, 0.0, 0.0, 0.0, 0.0, 0.0, 0.0], 'precipitation_probability_max': [0, 0, 0, 0, 0, 0, 0], 'wind_speed_10m_max': [22.1, 20.2, 17.1, 17.7, 17.4, 14.5, 12.3], 'wind_gusts_10m_max': [42.1, 38.9, 33.5, 34.2, 33.5, 27.7, 24.1], 'weather_code': [3, 2, 3, 3, 2, 2, 2]}"
Sefrou,33.83,-4.83,Morocco,MA,Fès-Meknès,,86903,86903,33.8125,-4.8125,0.2733469009399414,3600,Africa/Casablanca,GMT+1,809.0,"{'time': 'iso8601', 'temperature_2m_max': '°C', 'temperature_2m_min': '°C', 'precipitation_sum': 'mm', 'precipitation_probability_max': '%', 'wind_speed_10m_max': 'km/h', 'wind_gusts_10m_max': 'km/h', 'weather_code': 'wmo code'}","{'time': ['2026-09-15', '2026-09-16', '2026-09-17', '2026-09-18', '2026-09-19', '2026-09-20', '2026-09-21'], 'temperature_2m_max': [32.6, 29.6, 26.6, 27.2, 30.5, 33.7, 34.4], 'temperature_2m_min': [23.6, 19.4, 18.0, 17.4, 19.3, 22.2, 19.4], 'precipitation_sum': [0.0, 0.0, 0.0, 0.0, 0.0, 0.0, 0.0], 'precipitation_probability_max': [0, 0, 3, 10, 4, 8, 8], 'wind_speed_10m_max': [17.4, 18.8, 16.4, 15.2, 20.0, 17.9, 17.7], 'wind_gusts_10m_max': [37.8, 41.0, 36.0, 33.1, 41.8, 33.5, 33.8], 'weather_code': [2, 2, 3, 3, 3, 2, 2]}"
Semara,26.7394,-11.6703,Morocco,MA,Laâyoune-Sakia El Hamra,,57035,57035,26.74868,-11.648254,1.916050910949707,3600,Africa/El_Aaiun,GMT+1,192.0,"{'time': 'iso8601', 'temperature_2m_max': '°C', 'temperature_2m_min': '°C', 'precipitation_sum': 'mm', 'precipitation_probability_max': '%', 'wind_speed_10m_max': 'km/h', 'wind_gusts_10m_max': 'km/h', 'weather_code': 'wmo code'}","{'time': ['2026-09-15', '2026-09-16', '2026-09-17', '2026-09-18', '2026-09-19', '2026-09-20', '2026-09-21'], 'temperature_2m_max': [41.0, 39.5, 31.4, 30.3, 32.2, 37.6, 39.6], 'temperature_2m_min': [27.0, 25.2, 20.2, 19.8, 19.1, 17.9, 24.0], 'precipitation_sum': [0.0, 0.0, 0.0, 0.0, 0.0, 0.0, 0.6], 'precipitation_probability_max': [1, 0, 0, 0, 0, 2, 10], 'wind_speed_10m_max': [28.3, 32.4, 29.4, 26.1, 19.3, 20.0, 19.4], 'wind_gusts_10m_max': [50.0, 55.4, 50.4, 45.0, 32.4, 34.6, 35.3], 'weather_code': [0, 0, 3, 3, 3, 3, 51]}"
Settat,33.0023,-7.6198,Morocco,MA,Casablanca-Settat,,171556,171556,33.0,-7.625,0.5292892456054688,3600,Africa/Casablanca,GMT+1,360.0,"{'time': 'iso8601', 'temperature_2m_max': '°C', 'temperature_2m_min': '°C', 'precipitation_sum': 'mm', 'precipitation_probability_max': '%', 'wind_speed_10m_max': 'km/h', 'wind_gusts_10m_max': 'km/h', 'weather_code': 'wmo code'}","{'time': ['2026-09-15', '2026-09-16', '2026-09-17', '2026-09-18', '2026-09-19', '2026-09-20', '2026-09-21'], 'temperature_2m_max': [36.2, 30.0, 27.9, 29.5, 33.5, 38.2, 35.2], 'temperature_2m_min': [23.3, 19.6, 17.3, 16.7, 16.9, 22.6, 22.4], 'precipitation_sum': [0.0, 0.0, 0.0, 0.0, 0.0, 0.0, 0.0], 'precipitation_probability_max': [0, 0, 0, 3, 3, 0, 3], 'wind_speed_10m_max': [22.4, 18.1, 18.1, 18.0, 17.7, 21.8, 17.1], 'wind_gusts_10m_max': [48.2, 38.2, 38.9, 37.8, 38.2, 43.9, 33.5], 'weather_code': [2, 2, 45, 45, 2, 2, 3]}"
Sidi Bennour,32.655,-8.4292,Morocco,MA,Casablanca-Settat,,55847,55847,32.625,-8.4375,0.2925395965576172,3600,Africa/Casablanca,GMT+1,178.0,"{'time': 'iso8601', 'temperature_2m_max': '°C', 'temperature_2m_min': '°C', 'precipitation_sum': 'mm', 'precipitation_probability_max': '%', 'wind_speed_10m_max': 'km/h', 'wind_gusts_10m_max': 'km/h', 'weather_code': 'wmo code'}","{'time': ['2026-09-15', '2026-09-16', '2026-09-17', '2026-09-18', '2026-09-19', '2026-09-20', '2026-09-21'], 'temperature_2m_max': [37.2, 30.5, 28.7, 30.1, 33.1, 38.9, 35.0], 'temperature_2m_min': [21.1, 18.8, 17.8, 17.4, 16.6, 20.8, 21.6], 'precipitation_sum': [0.0, 0.0, 0.0, 0.0, 0.0, 0.0, 0.0], 'precipitation_probability_max': [3, 0, 0, 0, 3, 3, 0], 'wind_speed_10m_max': [25.0, 22.1, 19.4, 20.2, 18.4, 19.1, 16.8], 'wind_gusts_10m_max': [43.6, 38.5, 34.2, 34.9, 35.6, 36.0, 31.7], 'weather_code': [3, 2, 3, 45, 2, 2, 2]}"
Sidi Lmokhtar,31.57,-9.01,Morocco,MA,Marrakech-Safi,,27083,27083,31.5625,-9.0,0.2559423446655273,3600,Africa/Casablanca,GMT+1,390.0,"{'time': 'iso8601', 'temperature_2m_max': '°C', 'temperature_2m_min': '°C', 'precipitation_sum': 'mm', 'precipitation_probability_max': '%', 'wind_speed_10m_max': 'km/h', 'wind_gusts_10m_max': 'km/h', 'weather_code': 'wmo code'}","{'time': ['2026-09-15', '2026-09-16', '2026-09-17', '2026-09-18', '2026-09-19', '2026-09-20', '2026-09-21'], 'temperature_2m_max': [38.5, 34.7, 29.1, 31.1, 34.6, 35.0, 35.2], 'temperature_2m_min': [24.8, 21.7, 18.0, 18.1, 18.4, 24.1, 22.2], 'precipitation_sum': [0.0, 0.0, 0.0, 0.0, 0.0, 0.0, 0.0], 'precipitation_probability_max': [5, 0, 0, 3, 3, 0, 3], 'wind_speed_10m_max': [21.6, 24.4, 20.9, 19.0, 13.8, 25.7, 20.6], 'wind_gusts_10m_max': [36.4, 42.8, 34.6, 31.7, 25.6, 42.5, 34.2], 'weather_code': [3, 1, 3, 3, 2, 2, 2]}"
Sidi Qacem,34.21,-5.7,Morocco,MA,Rabat-Salé-Kénitra,,75037,75037,34.1875,-5.6875,0.4371404647827148,3600,Africa/Casablanca,GMT+1,124.0,"{'time': 'iso8601', 'temperature_2m_max': '°C', 'temperature_2m_min': '°C', 'precipitation_sum': 'mm', 'precipitation_probability_max': '%', 'wind_speed_10m_max': 'km/h', 'wind_gusts_10m_max': 'km/h', 'weather_code': 'wmo code'}","{'time': ['2026-09-15', '2026-09-16', '2026-09-17', '2026-09-18', '2026-09-19', '2026-09-20', '2026-09-21'], 'temperature_2m_max': [35.1, 31.8, 29.6, 31.8, 36.3, 39.3, 39.8], 'temperature_2m_min': [21.8, 20.8, 19.3, 18.2, 19.0, 25.0, 25.2], 'precipitation_sum': [0.0, 0.0, 0.0, 0.0, 0.0, 0.0, 0.0], 'precipitation_probability_max': [0, 0, 0, 8, 3, 0, 0], 'wind_speed_10m_max': [17.6, 19.0, 14.2, 15.9, 15.0, 16.8, 14.0], 'wind_gusts_10m_max': [40.0, 40.3, 31.3, 32.0, 34.2, 34.3, 37.4], 'weather_code': [0, 2, 3, 3, 3, 1, 1]}"
Sidi Slimane,34.26,-5.93,Morocco,MA,Rabat-Salé-Kénitra,,95114,95114,34.25,-5.9375,0.2492666244506836,3600,Africa/Casablanca,GMT+1,29.0,"{'time': 'iso8601', 'temperature_2m_max': '°C', 'temperature_2m_min': '°C', 'precipitation_sum': 'mm', 'precipitation_probability_max': '%', 'wind_speed_10m_max': 'km/h', 'wind_gusts_10m_max': 'km/h', 'weather_code': 'wmo code'}","{'time': ['2026-09-15', '2026-09-16', '2026-09-17', '2026-09-18', '2026-09-19', '2026-09-20', '2026-09-21'], 'temperature_2m_max': [35.3, 31.2, 29.7, 31.8, 37.0, 39.9, 39.7], 'temperature_2m_min': [21.0, 20.3, 19.1, 17.1, 18.1, 24.1, 24.5], 'precipitation_sum': [0.0, 0.0, 0.0, 0.0, 0.0, 0.0, 0.0], 'precipitation_probability_max': [0, 0, 0, 6, 3, 0, 0], 'wind_speed_10m_max': [18.1, 20.0, 15.0, 17.3, 14.2, 18.6, 15.5], 'wind_gusts_10m_max': [37.8, 41.8, 32.0, 36.0, 31.3, 36.7, 33.8], 'weather_code': [1, 2, 3, 45, 1, 1, 1]}"
Sidi Smai’il,32.8167,-8.5,Morocco,MA,Casablanca-Settat,,32694,32694,32.8125,-8.5,1.0602474212646484,3600,Africa/Casablanca,GMT+1,155.0,"{'time': 'iso8601', 'temperature_2m_max': '°C', 'temperature_2m_min': '°C', 'precipitation_sum': 'mm', 'precipitation_probability_max': '%', 'wind_speed_10m_max': 'km/h', 'wind_gusts_10m_max': 'km/h', 'weather_code': 'wmo code'}","{'time': ['2026-09-15', '2026-09-16', '2026-09-17', '2026-09-18', '2026-09-19', '2026-09-20', '2026-09-21'], 'temperature_2m_max': [35.3, 28.9, 27.6, 29.2, 31.4, 36.2, 31.8], 'temperature_2m_min': [21.5, 19.8, 18.5, 18.1, 17.4, 21.6, 21.6], 'precipitation_sum': [0.0, 0.0, 0.0, 0.0, 0.0, 0.0, 0.0], 'precipitation_probability_max': [0, 0, 0, 0, 0, 0, 0], 'wind_speed_10m_max': [21.2, 19.5, 17.6, 19.5, 18.0, 18.5, 15.5], 'wind_gusts_10m_max': [39.2, 34.6, 31.3, 34.6, 34.6, 33.5, 28.4], 'weather_code': [3, 2, 3, 3, 2, 2, 2]}"
Sidi Yahia El Gharb,34.3058,-6.3058,Morocco,MA,Rabat-Salé-Kénitra,,39946,39946,34.3125,-6.3125,0.5747079849243164,3600,Africa/Casablanca,GMT+1,18.0,"{'time': 'iso8601', 'temperature_2m_max': '°C', 'temperature_2m_min': '°C', 'precipitation_sum': 'mm', 'precipitation_probability_max': '%', 'wind_speed_10m_max': 'km/h', 'wind_gusts_10m_max': 'km/h', 'weather_code': 'wmo code'}","{'time': ['2026-09-15', '2026-09-16', '2026-09-17', '2026-09-18', '2026-09-19', '2026-09-20', '2026-09-21'], 'temperature_2m_max': [31.8, 28.6, 28.0, 29.8, 35.4, 39.8, 37.4], 'temperature_2m_min': [20.8, 20.3, 18.1, 16.2, 16.5, 23.5, 23.8], 'precipitation_sum': [0.0, 0.0, 0.0, 0.0, 0.0, 0.0, 0.0], 'precipitation_probability_max': [0, 0, 0, 3, 3, 0, 0], 'wind_speed_10m_max': [17.6, 20.6, 15.5, 17.8, 13.9, 16.9, 19.3], 'wind_gusts_10m_max': [32.4, 37.4, 29.2, 31.7, 28.4, 32.8, 35.6], 'weather_code': [45, 2, 3, 45, 1, 1, 2]}"
Sidi Yahya Zaer,33.7105,-6.8831,Morocco,MA,Rabat-Salé-Kénitra,,116649,116649,33.6875,-6.875,0.2721548080444336,3600,Africa/Casablanca,GMT+1,294.0,"{'time': 'iso8601', 'temperature_2m_max': '°C', 'temperature_2m_min': '°C', 'precipitation_sum': 'mm', 'precipitation_probability_max': '%', 'wind_speed_10m_max': 'km/h', 'wind_gusts_10m_max': 'km/h', 'weather_code': 'wmo code'}","{'time': ['2026-09-15', '2026-09-16', '2026-09-17', '2026-09-18', '2026-09-19', '2026-09-20', '2026-09-21'], 'temperature_2m_max': [32.6, 27.6, 26.8, 28.1, 31.9, 36.7, 32.7], 'temperature_2m_min': [20.7, 18.5, 16.5, 15.3, 16.5, 20.7, 20.2], 'precipitation_sum': [0.0, 0.0, 0.0, 0.0, 0.0, 0.0, 0.0], 'precipitation_probability_max': [0, 0, 0, 5, 2, 3, 0], 'wind_speed_10m_max': [18.9, 20.4, 17.7, 15.9, 16.4, 17.6, 17.2], 'wind_gusts_10m_max': [37.8, 40.7, 35.6, 32.0, 33.5, 35.6, 34.9], 'weather_code': [0, 2, 3, 45, 1, 2, 2]}"
Skhirate,33.85,-7.03,Morocco,MA,Rabat-Salé-Kénitra,,122705,122705,33.875,-7.0,0.4398822784423828,3600,Africa/Casablanca,GMT+1,55.0,"{'time': 'iso8601', 'temperature_2m_max': '°C', 'temperature_2m_min': '°C', 'precipitation_sum': 'mm', 'precipitation_probability_max': '%', 'wind_speed_10m_max': 'km/h', 'wind_gusts_10m_max': 'km/h', 'weather_code': 'wmo code'}","{'time': ['2026-09-15', '2026-09-16', '2026-09-17', '2026-09-18', '2026-09-19', '2026-09-20', '2026-09-21'], 'temperature_2m_max': [26.7, 25.2, 24.8, 24.6, 26.8, 30.1, 27.1], 'temperature_2m_min': [21.2, 20.4, 19.0, 17.6, 16.8, 19.9, 21.4], 'precipitation_sum': [0.0, 0.0, 0.0, 0.0, 0.0, 0.0, 0.0], 'precipitation_probability_max': [0, 0, 0, 5, 3, 3, 0], 'wind_speed_10m_max': [12.5, 16.3, 12.5, 13.4, 13.6, 10.7, 12.8], 'wind_gusts_10m_max': [28.4, 34.9, 28.4, 30.2, 29.9, 22.3, 27.0], 'weather_code': [45, 2, 3, 3, 2, 2, 3]}"
Souk et Tnine Jorf el Mellah,34.4945,-5.5047,Morocco,MA,Rabat-Salé-Kénitra,,31976,31976,34.5,-5.5,0.2535581588745117,3600,Africa/Casablanca,GMT+1,66.0,"{'time': 'iso8601', 'temperature_2m_max': '°C', 'temperature_2m_min': '°C', 'precipitation_sum': 'mm', 'precipitation_probability_max': '%', 'wind_speed_10m_max': 'km/h', 'wind_gusts_10m_max': 'km/h', 'weather_code': 'wmo code'}","{'time': ['2026-09-15', '2026-09-16', '2026-09-17', '2026-09-18', '2026-09-19', '2026-09-20', '2026-09-21'], 'temperature_2m_max': [36.0, 31.8, 30.2, 32.0, 36.3, 39.1, 39.6], 'temperature_2m_min': [22.4, 19.5, 19.1, 17.2, 18.8, 24.6, 26.1], 'precipitation_sum': [0.0, 0.0, 0.0, 0.0, 0.0, 0.0, 0.0], 'precipitation_probability_max': [0, 0, 1, 8, 3, 3, 3], 'wind_speed_10m_max': [19.9, 20.5, 16.5, 12.2, 21.1, 20.4, 19.0], 'wind_gusts_10m_max': [37.1, 37.8, 30.2, 20.9, 38.5, 40.1, 36.4], 'weather_code': [0, 2, 3, 45, 3, 1, 1]}"
Souq Sebt Oulad Nemma,32.3,-6.7,Morocco,MA,Béni Mellal-Khénifra,,60293,60293,32.3125,-6.6875,0.3192424774169922,3600,Africa/Casablanca,GMT+1,409.0,"{'time': 'iso8601', 'temperature_2m_max': '°C', 'temperature_2m_min': '°C', 'precipitation_sum': 'mm', 'precipitation_probability_max': '%', 'wind_speed_10m_max': 'km/h', 'wind_gusts_10m_max': 'km/h', 'weather_code': 'wmo code'}","{'time': ['2026-09-15', '2026-09-16', '2026-09-17', '2026-09-18', '2026-09-19', '2026-09-20', '2026-09-21'], 'temperature_2m_max': [39.8, 35.8, 32.4, 33.6, 38.2, 40.4, 39.1], 'temperature_2m_min': [24.6, 20.9, 18.2, 18.7, 20.5, 24.8, 24.7], 'precipitation_sum': [0.0, 0.0, 0.0, 0.0, 0.0, 0.3, 0.6], 'precipitation_probability_max': [3, 0, 3, 13, 6, 0, 3], 'wind_speed_10m_max': [14.5, 16.3, 15.4, 9.5, 9.0, 8.9, 12.6], 'wind_gusts_10m_max': [28.1, 28.4, 27.7, 18.7, 20.9, 25.9, 23.0], 'weather_code': [3, 0, 3, 3, 3, 3, 3]}"
Tabount,30.9014,-6.9217,Morocco,MA,Drâa-Tafilalet,,37465,37465,30.875,-6.9375,0.2738237380981445,3600,Africa/Casablanca,GMT+1,1138.0,"{'time': 'iso8601', 'temperature_2m_max': '°C', 'temperature_2m_min': '°C', 'precipitation_sum': 'mm', 'precipitation_probability_max': '%', 'wind_speed_10m_max': 'km/h', 'wind_gusts_10m_max': 'km/h', 'weather_code': 'wmo code'}","{'time': ['2026-09-15', '2026-09-16', '2026-09-17', '2026-09-18', '2026-09-19', '2026-09-20', '2026-09-21'], 'temperature_2m_max': [32.0, 33.8, 32.7, 32.6, 32.7, 33.5, 34.2], 'temperature_2m_min': [22.5, 20.0, 21.0, 19.5, 21.8, 23.1, 20.7], 'precipitation_sum': [0.0, 0.0, 0.4, 0.0, 0.0, 0.0, 0.0], 'precipitation_probability_max': [5, 3, 33, 15, 16, 16, 5], 'wind_speed_10m_max': [14.9, 24.2, 19.1, 13.6, 13.9, 14.7, 15.9], 'wind_gusts_10m_max': [26.3, 39.6, 33.8, 23.4, 22.7, 27.0, 33.8], 'weather_code': [3, 1, 80, 3, 2, 2, 3]}"
Tahannawt,31.3514,-7.9508,Morocco,MA,Marrakech-Safi,,29562,29562,31.375,-7.9375,1.1124610900878906,3600,Africa/Casablanca,GMT+1,929.0,"{'time': 'iso8601', 'temperature_2m_max': '°C', 'temperature_2m_min': '°C', 'precipitation_sum': 'mm', 'precipitation_probability_max': '%', 'wind_speed_10m_max': 'km/h', 'wind_gusts_10m_max': 'km/h', 'weather_code': 'wmo code'}","{'time': ['2026-09-15', '2026-09-16', '2026-09-17', '2026-09-18', '2026-09-19', '2026-09-20', '2026-09-21'], 'temperature_2m_max': [33.2, 30.7, 25.8, 28.0, 32.2, 35.4, 34.0], 'temperature_2m_min': [22.5, 18.8, 15.7, 15.6, 18.7, 22.4, 19.8], 'precipitation_sum': [0.0, 0.0, 0.0, 0.0, 0.0, 0.0, 0.0], 'precipitation_probability_max': [5, 0, 5, 8, 3, 8, 8], 'wind_speed_10m_max': [20.6, 16.5, 13.1, 12.9, 13.5, 21.6, 16.3], 'wind_gusts_10m_max': [37.8, 31.0, 25.9, 25.2, 27.4, 36.7, 29.2], 'weather_code': [3, 1, 45, 3, 3, 3, 1]}"
Tahla,34.05,-4.42,Morocco,MA,Fès-Meknès,,28612,28612,34.0625,-4.4375,0.2151727676391601,3600,Africa/Casablanca,GMT+1,615.0,"{'time': 'iso8601', 'temperature_2m_max': '°C', 'temperature_2m_min': '°C', 'precipitation_sum': 'mm', 'precipitation_probability_max': '%', 'wind_speed_10m_max': 'km/h', 'wind_gusts_10m_max': 'km/h', 'weather_code': 'wmo code'}","{'time': ['2026-09-15', '2026-09-16', '2026-09-17', '2026-09-18', '2026-09-19', '2026-09-20', '2026-09-21'], 'temperature_2m_max': [35.0, 31.3, 29.0, 30.7, 32.2, 33.9, 34.3], 'temperature_2m_min': [21.0, 19.6, 17.3, 17.0, 19.0, 21.9, 23.7], 'precipitation_sum': [0.0, 0.0, 0.0, 0.0, 0.0, 0.0, 0.0], 'precipitation_probability_max': [0, 0, 8, 10, 4, 0, 0], 'wind_speed_10m_max': [16.2, 17.3, 14.8, 12.3, 22.0, 16.7, 13.9], 'wind_gusts_10m_max': [32.0, 33.1, 28.4, 23.8, 44.3, 32.0, 25.9], 'weather_code': [3, 1, 3, 3, 2, 1, 2]}"
Tameslouht,31.5,-8.1,Morocco,MA,Marrakech-Safi,,40283,40283,31.5,-8.125,0.329136848449707,3600,Africa/Casablanca,GMT+1,553.0,"{'time': 'iso8601', 'temperature_2m_max': '°C', 'temperature_2m_min': '°C', 'precipitation_sum': 'mm', 'precipitation_probability_max': '%', 'wind_speed_10m_max': 'km/h', 'wind_gusts_10m_max': 'km/h', 'weather_code': 'wmo code'}","{'time': ['2026-09-15', '2026-09-16', '2026-09-17', '2026-09-18', '2026-09-19', '2026-09-20', '2026-09-21'], 'temperature_2m_max': [37.3, 34.4, 29.3, 31.1, 35.5, 38.8, 36.6], 'temperature_2m_min': [25.5, 21.9, 18.7, 18.5, 19.8, 24.0, 24.4], 'precipitation_sum': [0.0, 0.0, 0.0, 0.0, 0.0, 0.0, 0.0], 'precipitation_probability_max': [8, 0, 5, 5, 4, 5, 3], 'wind_speed_10m_max': [15.5, 20.3, 13.1, 10.7, 11.7, 21.3, 17.6], 'wind_gusts_10m_max': [26.6, 32.8, 22.3, 18.7, 20.2, 52.6, 33.1], 'weather_code': [3, 1, 3, 3, 3, 3, 1]}"
Tan-Tan,28.4333,-11.1,Morocco,MA,Guelmim-Oued Noun,,76134,76134,28.435852,-11.147736,1.7772912979125977,3600,Africa/Casablanca,GMT+1,58.0,"{'time': 'iso8601', 'temperature_2m_max': '°C', 'temperature_2m_min': '°C', 'precipitation_sum': 'mm', 'precipitation_probability_max': '%', 'wind_speed_10m_max': 'km/h', 'wind_gusts_10m_max': 'km/h', 'weather_code': 'wmo code'}","{'time': ['2026-09-15', '2026-09-16', '2026-09-17', '2026-09-18', '2026-09-19', '2026-09-20', '2026-09-21'], 'temperature_2m_max': [36.3, 30.9, 25.5, 25.7, 25.4, 29.8, 34.5], 'temperature_2m_min': [23.4, 20.5, 20.1, 19.8, 19.5, 18.3, 18.2], 'precipitation_sum': [0.0, 0.0, 0.0, 0.1, 0.0, 0.0, 0.0], 'precipitation_probability_max': [0, 0, 0, 2, 1, 0, 4], 'wind_speed_10m_max': [19.0, 25.1, 32.4, 26.9, 21.6, 17.4, 16.3], 'wind_gusts_10m_max': [36.7, 46.4, 57.2, 49.0, 42.8, 34.6, 40.0], 'weather_code': [0, 0, 3, 51, 3, 3, 0]}"
Tangier,35.7767,-5.8039,Morocco,MA,Tanger-Tétouan-Al Hoceïma,admin,1275428,1275428,35.75,-5.8125,0.390172004699707,3600,Africa/Casablanca,GMT+1,30.0,"{'time': 'iso8601', 'temperature_2m_max': '°C', 'temperature_2m_min': '°C', 'precipitation_sum': 'mm', 'precipitation_probability_max': '%', 'wind_speed_10m_max': 'km/h', 'wind_gusts_10m_max': 'km/h', 'weather_code': 'wmo code'}","{'time': ['2026-09-15', '2026-09-16', '2026-09-17', '2026-09-18', '2026-09-19', '2026-09-20', '2026-09-21'], 'temperature_2m_max': [30.9, 26.5, 26.9, 28.3, 28.0, 26.8, 26.2], 'temperature_2m_min': [21.5, 18.1, 16.4, 19.2, 21.9, 23.0, 22.2], 'precipitation_sum': [0.0, 0.0, 0.0, 0.0, 0.0, 0.0, 0.0], 'precipitation_probability_max': [0, 0, 0, 3, 0, 0, 0], 'wind_speed_10m_max': [13.2, 17.2, 11.2, 17.9, 29.0, 42.5, 40.0], 'wind_gusts_10m_max': [30.2, 41.4, 27.4, 42.5, 70.2, 82.1, 77.4], 'weather_code': [1, 3, 3, 3, 3, 1, 1]}"
Taourirt,34.41,-2.89,Morocco,MA,Oriental,,321876,321876,34.4375,-2.875,3.444194793701172,3600,Africa/Casablanca,GMT+1,401.0,"{'time': 'iso8601', 'temperature_2m_max': '°C', 'temperature_2m_min': '°C', 'precipitation_sum': 'mm', 'precipitation_probability_max': '%', 'wind_speed_10m_max': 'km/h', 'wind_gusts_10m_max': 'km/h', 'weather_code': 'wmo code'}","{'time': ['2026-09-15', '2026-09-16', '2026-09-17', '2026-09-18', '2026-09-19', '2026-09-20', '2026-09-21'], 'temperature_2m_max': [32.8, 34.7, 30.5, 29.1, 29.2, 30.5, 30.3], 'temperature_2m_min': [19.0, 18.9, 19.3, 19.9, 19.0, 20.3, 18.9], 'precipitation_sum': [0.0, 0.0, 0.0, 0.0, 0.0, 0.0, 0.0], 'precipitation_probability_max': [0, 0, 8, 13, 5, 1, 0], 'wind_speed_10m_max': [22.0, 22.6, 28.6, 28.6, 28.9, 24.2, 25.3], 'wind_gusts_10m_max': [35.6, 36.7, 48.2, 47.2, 50.8, 42.5, 41.8], 'weather_code': [3, 2, 3, 3, 3, 3, 2]}"
Taroudannt,30.4711,-8.8778,Morocco,MA,Souss-Massa,,83496,83496,30.5,-8.875,1.381635665893555,3600,Africa/Casablanca,GMT+1,238.0,"{'time': 'iso8601', 'temperature_2m_max': '°C', 'temperature_2m_min': '°C', 'precipitation_sum': 'mm', 'precipitation_probability_max': '%', 'wind_speed_10m_max': 'km/h', 'wind_gusts_10m_max': 'km/h', 'weather_code': 'wmo code'}","{'time': ['2026-09-15', '2026-09-16', '2026-09-17', '2026-09-18', '2026-09-19', '2026-09-20', '2026-09-21'], 'temperature_2m_max': [41.1, 37.1, 30.9, 31.1, 33.8, 33.5, 40.7], 'temperature_2m_min': [27.7, 24.3, 19.5, 18.7, 19.9, 21.7, 20.8], 'precipitation_sum': [0.0, 0.0, 0.0, 0.0, 0.0, 0.0, 0.0], 'precipitation_probability_max': [10, 0, 0, 3, 0, 0, 5], 'wind_speed_10m_max': [18.6, 21.9, 25.6, 19.7, 23.4, 24.2, 21.6], 'wind_gusts_10m_max': [40.3, 43.6, 52.6, 40.0, 49.7, 42.8, 45.7], 'weather_code': [3, 1, 2, 3, 1, 1, 1]}"
Taza,34.2144,-4.0088,Morocco,MA,Fès-Meknès,,148406,148406,34.25,-4.0,0.6940364837646484,3600,Africa/Casablanca,GMT+1,516.0,"{'time': 'iso8601', 'temperature_2m_max': '°C', 'temperature_2m_min': '°C', 'precipitation_sum': 'mm', 'precipitation_probability_max': '%', 'wind_speed_10m_max': 'km/h', 'wind_gusts_10m_max': 'km/h', 'weather_code': 'wmo code'}","{'time': ['2026-09-15', '2026-09-16', '2026-09-17', '2026-09-18', '2026-09-19', '2026-09-20', '2026-09-21'], 'temperature_2m_max': [33.5, 31.1, 30.2, 28.8, 29.3, 30.4, 30.9], 'temperature_2m_min': [19.5, 20.0, 17.7, 18.2, 18.7, 19.7, 19.6], 'precipitation_sum': [0.0, 0.0, 0.0, 0.0, 0.0, 0.0, 0.0], 'precipitation_probability_max': [0, 0, 5, 5, 5, 3, 3], 'wind_speed_10m_max': [12.6, 24.2, 12.7, 17.3, 24.1, 23.2, 22.0], 'wind_gusts_10m_max': [25.9, 50.4, 28.4, 35.6, 50.0, 46.8, 40.0], 'weather_code': [3, 1, 3, 3, 3, 3, 2]}"
Temara,33.9234,-6.9076,Morocco,MA,Rabat-Salé-Kénitra,,297098,297098,33.9375,-6.875,0.2521276473999023,3600,Africa/Casablanca,GMT+1,74.0,"{'time': 'iso8601', 'temperature_2m_max': '°C', 'temperature_2m_min': '°C', 'precipitation_sum': 'mm', 'precipitation_probability_max': '%', 'wind_speed_10m_max': 'km/h', 'wind_gusts_10m_max': 'km/h', 'weather_code': 'wmo code'}","{'time': ['2026-09-15', '2026-09-16', '2026-09-17', '2026-09-18', '2026-09-19', '2026-09-20', '2026-09-21'], 'temperature_2m_max': [28.2, 26.0, 25.9, 25.7, 28.9, 30.0, 27.0], 'temperature_2m_min': [21.4, 20.3, 18.6, 17.4, 16.2, 20.4, 21.3], 'precipitation_sum': [0.0, 0.0, 0.0, 0.0, 0.0, 0.0, 0.0], 'precipitation_probability_max': [0, 0, 0, 5, 3, 3, 0], 'wind_speed_10m_max': [11.9, 15.0, 12.3, 11.4, 12.4, 10.7, 12.8], 'wind_gusts_10m_max': [32.0, 38.5, 32.8, 31.3, 32.4, 22.3, 27.0], 'weather_code': [45, 2, 3, 3, 1, 2, 3]}"
Temsia,30.3633,-9.4144,Morocco,MA,Souss-Massa,,52663,52663,30.375,-9.4375,0.2721548080444336,3600,Africa/Casablanca,GMT+1,52.0,"{'time': 'iso8601', 'temperature_2m_max': '°C', 'temperature_2m_min': '°C', 'precipitation_sum': 'mm', 'precipitation_probability_max': '%', 'wind_speed_10m_max': 'km/h', 'wind_gusts_10m_max': 'km/h', 'weather_code': 'wmo code'}","{'time': ['2026-09-15', '2026-09-16', '2026-09-17', '2026-09-18', '2026-09-19', '2026-09-20', '2026-09-21'], 'temperature_2m_max': [36.6, 31.6, 29.0, 27.9, 28.6, 30.1, 40.5], 'temperature_2m_min': [26.0, 22.2, 21.0, 20.2, 20.5, 20.3, 22.5], 'precipitation_sum': [0.0, 0.0, 0.0, 0.0, 0.0, 0.0, 0.0], 'precipitation_probability_max': [3, 0, 0, 0, 0, 0, 0], 'wind_speed_10m_max': [15.0, 16.9, 24.3, 19.4, 22.4, 24.9, 24.0], 'wind_gusts_10m_max': [34.9, 37.1, 51.1, 42.5, 47.2, 42.8, 43.2], 'weather_code': [3, 1, 3, 3, 2, 2, 1]}"
Tifariti,26.158,-10.567,Morocco,MA,Laâyoune-Sakia El Hamra,primary,3000,3000,26.18629,-10.559204,3.607749938964844,3600,Africa/El_Aaiun,GMT+1,486.0,"{'time': 'iso8601', 'temperature_2m_max': '°C', 'temperature_2m_min': '°C', 'precipitation_sum': 'mm', 'precipitation_probability_max': '%', 'wind_speed_10m_max': 'km/h', 'wind_gusts_10m_max': 'km/h', 'weather_code': 'wmo code'}","{'time': ['2026-09-15', '2026-09-16', '2026-09-17', '2026-09-18', '2026-09-19', '2026-09-20', '2026-09-21'], 'temperature_2m_max': [37.0, 38.4, 31.5, 29.7, 31.5, 37.8, 36.6], 'temperature_2m_min': [26.0, 23.4, 18.0, 16.4, 16.3, 18.7, 25.1], 'precipitation_sum': [0.0, 0.0, 0.0, 0.0, 0.0, 0.0, 0.0], 'precipitation_probability_max': [8, 0, 0, 0, 0, 12, 18], 'wind_speed_10m_max': [18.4, 39.3, 36.8, 35.9, 24.5, 16.4, 17.7], 'wind_gusts_10m_max': [26.3, 58.3, 54.7, 53.3, 38.2, 30.6, 27.0], 'weather_code': [1, 0, 0, 3, 3, 0, 1]}"
Tiflet,33.9,-6.33,Morocco,MA,Rabat-Salé-Kénitra,,103850,103850,33.875,-6.3125,0.3544092178344726,3600,Africa/Casablanca,GMT+1,337.0,"{'time': 'iso8601', 'temperature_2m_max': '°C', 'temperature_2m_min': '°C', 'precipitation_sum': 'mm', 'precipitation_probability_max': '%', 'wind_speed_10m_max': 'km/h', 'wind_gusts_10m_max': 'km/h', 'weather_code': 'wmo code'}","{'time': ['2026-09-15', '2026-09-16', '2026-09-17', '2026-09-18', '2026-09-19', '2026-09-20', '2026-09-21'], 'temperature_2m_max': [33.7, 29.5, 27.8, 29.5, 34.3, 38.5, 36.4], 'temperature_2m_min': [22.2, 19.1, 16.4, 15.8, 17.8, 21.6, 21.9], 'precipitation_sum': [0.0, 0.0, 0.0, 0.0, 0.0, 0.0, 0.0], 'precipitation_probability_max': [0, 0, 0, 5, 3, 3, 3], 'wind_speed_10m_max': [17.5, 19.1, 15.5, 14.8, 15.1, 17.3, 18.8], 'wind_gusts_10m_max': [35.6, 38.5, 31.3, 29.5, 33.5, 37.4, 36.7], 'weather_code': [0, 2, 3, 45, 2, 2, 3]}"
Tineghir,31.5147,-5.5328,Morocco,MA,Drâa-Tafilalet,,44239,44239,31.5,-5.5625,0.7846355438232422,3600,Africa/Casablanca,GMT+1,1280.0,"{'time': 'iso8601', 'temperature_2m_max': '°C', 'temperature_2m_min': '°C', 'precipitation_sum': 'mm', 'precipitation_probability_max': '%', 'wind_speed_10m_max': 'km/h', 'wind_gusts_10m_max': 'km/h', 'weather_code': 'wmo code'}","{'time': ['2026-09-15', '2026-09-16', '2026-09-17', '2026-09-18', '2026-09-19', '2026-09-20', '2026-09-21'], 'temperature_2m_max': [32.4, 32.1, 29.6, 30.6, 30.3, 31.3, 31.7], 'temperature_2m_min': [22.7, 19.9, 20.7, 18.4, 21.4, 22.3, 21.0], 'precipitation_sum': [0.0, 0.0, 1.0, 0.0, 0.0, 0.0, 0.6], 'precipitation_probability_max': [18, 5, 48, 55, 33, 23, 25], 'wind_speed_10m_max': [22.5, 26.8, 23.6, 19.9, 19.4, 16.6, 13.1], 'wind_gusts_10m_max': [56.2, 44.6, 36.0, 31.0, 29.2, 24.8, 26.3], 'weather_code': [3, 3, 80, 3, 3, 3, 80]}"
Tit Mellil,33.5533,-7.4822,Morocco,MA,Casablanca-Settat,,56019,56019,33.5625,-7.5,0.3210306167602539,3600,Africa/Casablanca,GMT+1,125.0,"{'time': 'iso8601', 'temperature_2m_max': '°C', 'temperature_2m_min': '°C', 'precipitation_sum': 'mm', 'precipitation_probability_max': '%', 'wind_speed_10m_max': 'km/h', 'wind_gusts_10m_max': 'km/h', 'weather_code': 'wmo code'}","{'time': ['2026-09-15', '2026-09-16', '2026-09-17', '2026-09-18', '2026-09-19', '2026-09-20', '2026-09-21'], 'temperature_2m_max': [30.0, 26.3, 26.3, 26.0, 27.5, 31.2, 30.0], 'temperature_2m_min': [21.5, 20.4, 19.5, 18.1, 18.3, 21.4, 21.5], 'precipitation_sum': [0.0, 0.0, 0.0, 0.0, 0.0, 0.0, 0.0], 'precipitation_probability_max': [0, 0, 0, 3, 2, 3, 0], 'wind_speed_10m_max': [12.8, 14.7, 12.9, 14.5, 13.3, 12.0, 13.4], 'wind_gusts_10m_max': [34.2, 37.4, 35.3, 37.8, 35.3, 31.0, 34.2], 'weather_code': [45, 2, 3, 3, 2, 2, 2]}"
Tiznit,29.7,-9.7269,Morocco,MA,Souss-Massa,,196348,196348,29.6875,-9.75,1.2042522430419922,3600,Africa/Casablanca,GMT+1,240.0,"{'time': 'iso8601', 'temperature_2m_max': '°C', 'temperature_2m_min': '°C', 'precipitation_sum': 'mm', 'precipitation_probability_max': '%', 'wind_speed_10m_max': 'km/h', 'wind_gusts_10m_max': 'km/h', 'weather_code': 'wmo code'}","{'time': ['2026-09-15', '2026-09-16', '2026-09-17', '2026-09-18', '2026-09-19', '2026-09-20', '2026-09-21'], 'temperature_2m_max': [36.2, 32.7, 23.6, 25.8, 27.6, 27.4, 34.8], 'temperature_2m_min': [26.7, 22.1, 19.7, 19.8, 20.1, 20.9, 20.2], 'precipitation_sum': [0.0, 0.0, 0.0, 0.0, 0.0, 0.0, 0.0], 'precipitation_probability_max': [0, 0, 0, 0, 0, 0, 0], 'wind_speed_10m_max': [18.1, 22.5, 23.0, 21.8, 15.7, 13.7, 12.3], 'wind_gusts_10m_max': [32.4, 37.1, 38.5, 36.4, 27.4, 24.1, 22.0], 'weather_code': [1, 0, 3, 3, 1, 1, 0]}"
Tétouan,35.5667,-5.3667,Morocco,MA,Tanger-Tétouan-Al Hoceïma,,422757,422757,35.5625,-5.375,0.2866983413696289,3600,Africa/Casablanca,GMT+1,66.0,"{'time': 'iso8601', 'temperature_2m_max': '°C', 'temperature_2m_min': '°C', 'precipitation_sum': 'mm', 'precipitation_probability_max': '%', 'wind_speed_10m_max': 'km/h', 'wind_gusts_10m_max': 'km/h', 'weather_code': 'wmo code'}","{'time': ['2026-09-15', '2026-09-16', '2026-09-17', '2026-09-18', '2026-09-19', '2026-09-20', '2026-09-21'], 'temperature_2m_max': [29.4, 33.3, 28.0, 26.7, 27.0, 26.4, 26.5], 'temperature_2m_min': [21.2, 19.4, 15.1, 19.5, 22.0, 22.6, 22.3], 'precipitation_sum': [0.0, 0.0, 0.0, 0.0, 0.0, 0.0, 0.0], 'precipitation_probability_max': [0, 0, 0, 8, 5, 5, 0], 'wind_speed_10m_max': [12.2, 24.9, 11.0, 15.5, 30.0, 36.4, 32.4], 'wind_gusts_10m_max': [32.0, 58.0, 27.4, 40.3, 71.6, 77.8, 67.3], 'weather_code': [2, 3, 3, 3, 2, 2, 2]}"
Warzat,30.9167,-6.9167,Morocco,MA,Drâa-Tafilalet,,79218,79218,30.9375,-6.9375,2.825140953063965,3600,Africa/Casablanca,GMT+1,1126.0,"{'time': 'iso8601', 'temperature_2m_max': '°C', 'temperature_2m_min': '°C', 'precipitation_sum': 'mm', 'precipitation_probability_max': '%', 'wind_speed_10m_max': 'km/h', 'wind_gusts_10m_max': 'km/h', 'weather_code': 'wmo code'}","{'time': ['2026-09-15', '2026-09-16', '2026-09-17', '2026-09-18', '2026-09-19', '2026-09-20', '2026-09-21'], 'temperature_2m_max': [31.6, 33.5, 32.3, 32.5, 32.4, 33.6, 34.3], 'temperature_2m_min': [21.9, 19.0, 20.2, 18.9, 21.3, 23.4, 20.8], 'precipitation_sum': [0.0, 0.0, 0.5, 0.0, 0.0, 0.0, 0.0], 'precipitation_probability_max': [5, 3, 33, 15, 16, 16, 5], 'wind_speed_10m_max': [15.7, 23.5, 14.1, 19.0, 13.2, 14.7, 15.9], 'wind_gusts_10m_max': [27.0, 41.0, 25.9, 33.1, 23.8, 27.0, 33.8], 'weather_code': [3, 1, 80, 3, 2, 2, 3]}"
Youssoufia,32.25,-8.53,Morocco,MA,Marrakech-Safi,,65669,65669,32.25,-8.5,0.2232789993286132,3600,Africa/Casablanca,GMT+1,295.0,"{'time': 'iso8601', 'temperature_2m_max': '°C', 'temperature_2m_min': '°C', 'precipitation_sum': 'mm', 'precipitation_probability_max': '%', 'wind_speed_10m_max': 'km/h', 'wind_gusts_10m_max': 'km/h', 'weather_code': 'wmo code'}","{'time': ['2026-09-15', '2026-09-16', '2026-09-17', '2026-09-18', '2026-09-19', '2026-09-20', '2026-09-21'], 'temperature_2m_max': [37.4, 32.1, 28.6, 30.5, 33.7, 38.9, 35.6], 'temperature_2m_min': [24.6, 19.9, 17.5, 17.9, 17.1, 23.1, 22.5], 'precipitation_sum': [0.0, 0.0, 0.0, 0.0, 0.0, 0.0, 0.0], 'precipitation_probability_max': [3, 0, 0, 0, 3, 3, 0], 'wind_speed_10m_max': [22.3, 20.0, 16.9, 16.6, 17.1, 20.2, 20.1], 'wind_gusts_10m_max': [46.4, 41.8, 36.0, 34.6, 36.4, 40.7, 37.1], 'weather_code': [3, 2, 3, 2, 45, 3, 3]}"
Zagora,30.3316,-5.8376,Morocco,MA,Drâa-Tafilalet,,42294,42294,30.3125,-5.8125,1.8492937088012693,3600,Africa/Casablanca,GMT+1,733.0,"{'time': 'iso8601', 'temperature_2m_max': '°C', 'temperature_2m_min': '°C', 'precipitation_sum': 'mm', 'precipitation_probability_max': '%', 'wind_speed_10m_max': 'km/h', 'wind_gusts_10m_max': 'km/h', 'weather_code': 'wmo code'}","{'time': ['2026-09-15', '2026-09-16', '2026-09-17', '2026-09-18', '2026-09-19', '2026-09-20', '2026-09-21'], 'temperature_2m_max': [36.7, 36.9, 34.1, 35.4, 36.0, 36.6, 37.4], 'temperature_2m_min': [26.2, 23.6, 25.9, 23.9, 25.6, 25.4, 24.0], 'precipitation_sum': [0.0, 0.0, 0.1, 0.0, 0.0, 0.0, 0.0], 'precipitation_probability_max': [5, 5, 15, 10, 8, 3, 3], 'wind_speed_10m_max': [16.9, 13.2, 18.7, 9.3, 20.3, 21.9, 17.6], 'wind_gusts_10m_max': [27.4, 22.0, 33.5, 18.4, 31.7, 34.2, 39.6], 'weather_code': [3, 2, 3, 3, 2, 1, 3]}"
Zawyat ech Cheïkh,32.6541,-5.9214,Morocco,MA,Béni Mellal-Khénifra,,25088,25088,32.6875,-5.9375,0.3311634063720703,3600,Africa/Casablanca,GMT+1,657.0,"{'time': 'iso8601', 'temperature_2m_max': '°C', 'temperature_2m_min': '°C', 'precipitation_sum': 'mm', 'precipitation_probability_max': '%', 'wind_speed_10m_max': 'km/h', 'wind_gusts_10m_max': 'km/h', 'weather_code': 'wmo code'}","{'time': ['2026-09-15', '2026-09-16', '2026-09-17', '2026-09-18', '2026-09-19', '2026-09-20', '2026-09-21'], 'temperature_2m_max': [36.3, 32.3, 30.3, 31.3, 35.3, 38.0, 35.3], 'temperature_2m_min': [20.5, 17.6, 16.6, 16.1, 18.4, 22.8, 22.7], 'precipitation_sum': [0.0, 0.0, 0.0, 0.0, 0.0, 0.0, 0.9], 'precipitation_probability_max': [5, 0, 3, 15, 5, 3, 3], 'wind_speed_10m_max': [18.3, 13.0, 12.5, 10.9, 13.3, 16.8, 15.8], 'wind_gusts_10m_max': [33.1, 24.5, 23.4, 20.9, 25.9, 30.6, 31.7], 'weather_code': [3, 1, 3, 3, 3, 3, 3]}"
Zaïo,34.9396,-2.7334,Morocco,MA,Oriental,,36766,36766,34.9375,-2.75,0.2862215042114258,3600,Africa/Casablanca,GMT+1,186.0,"{'time': 'iso8601', 'temperature_2m_max': '°C', 'temperature_2m_min': '°C', 'precipitation_sum': 'mm', 'precipitation_probability_max': '%', 'wind_speed_10m_max': 'km/h', 'wind_gusts_10m_max': 'km/h', 'weather_code': 'wmo code'}","{'time': ['2026-09-15', '2026-09-16', '2026-09-17', '2026-09-18', '2026-09-19', '2026-09-20', '2026-09-21'], 'temperature_2m_max': [30.4, 33.7, 27.8, 27.6, 27.9, 28.2, 27.8], 'temperature_2m_min': [18.6, 19.8, 19.1, 20.0, 19.6, 20.1, 17.4], 'precipitation_sum': [0.0, 0.0, 0.0, 0.0, 0.0, 0.0, 0.0], 'precipitation_probability_max': [0, 0, 5, 8, 6, 3, 0], 'wind_speed_10m_max': [9.7, 14.5, 17.8, 15.6, 24.4, 23.6, 23.2], 'wind_gusts_10m_max': [23.4, 31.7, 40.0, 34.2, 49.3, 42.8, 41.4], 'weather_code': [3, 2, 3, 45, 45, 45, 45]}"
Zeghanghane,35.1575,-3.0017,Morocco,MA,Oriental,,31431,31431,35.125,-3.0,0.46539306640625,3600,Africa/Casablanca,GMT+1,107.0,"{'time': 'iso8601', 'temperature_2m_max': '°C', 'temperature_2m_min': '°C', 'precipitation_sum': 'mm', 'precipitation_probability_max': '%', 'wind_speed_10m_max': 'km/h', 'wind_gusts_10m_max': 'km/h', 'weather_code': 'wmo code'}","{'time': ['2026-09-15', '2026-09-16', '2026-09-17', '2026-09-18', '2026-09-19', '2026-09-20', '2026-09-21'], 'temperature_2m_max': [28.4, 32.6, 27.5, 26.1, 26.3, 26.3, 26.8], 'temperature_2m_min': [19.7, 19.0, 18.7, 21.1, 21.0, 22.0, 20.9], 'precipitation_sum': [0.0, 0.0, 0.0, 0.3, 0.0, 0.0, 0.0], 'precipitation_probability_max': [0, 0, 3, 10, 8, 5, 0], 'wind_speed_10m_max': [12.0, 9.8, 17.8, 17.4, 25.4, 24.7, 23.1], 'wind_gusts_10m_max': [24.8, 22.0, 37.1, 33.8, 51.1, 46.1, 42.5], 'weather_code': [45, 2, 3, 45, 3, 3, 2]}"
