city,lat_x,lng_x,country,iso2,admin_name,capital,population,population_proper,lat_y,lng_y,weather
Ad Dakhla,23.7167,-15.95,Morocco,MA,Dakhla-Oued Ed-Dahab,,165463,165463,23.7167,-15.95,"{'latitude': 23.725834, 'longitude': -15.966187, 'generationtime_ms': 0.20372867584228502, 'utc_offset_seconds': 0, 'timezone': 'GMT', 'timezone_abbreviation': 'GMT', 'elevation': 12.0, 'daily_units': {'time': 'iso8601', 'temperature_2m_max': '°C', 'temperature_2m_min': '°C', 'precipitation_sum': 'mm', 'precipitation_probability_max': '%', 'wind_speed_10m_max': 'km/h', 'wind_gusts_10m_max': 'km/h', 'weather_code': 'wmo code'}, 'daily': {'time': ['2026-09-14', '2026-09-15', '2026-09-16', '2026-09-17', '2026-09-18', '2026-09-19', '2026-09-20'], 'temperature_2m_max': [22.4, 23.9, 23.6, 22.3, 21.1, 20.9, 21.7], 'temperature_2m_min': [19.9, 19.7, 21.7, 19.8, 20.2, 19.9, 19.6], 'precipitation_sum': [0.0, 0.0, 0.0, 0.0, 0.0, 0.0, 0.0], 'precipitation_probability_max': [0, 2, 0, 0, 0, 0, 0], 'wind_speed_10m_max': [19.7, 29.1, 34.0, 38.1, 35.5, 28.1, 30.4], 'wind_gusts_10m_max': [24.5, 35.6, 42.1, 48.6, 45.4, 35.6, 39.2], 'weather_code': [0, 3, 0, 0, 0, 0, 0]}}"
Ad Darwa,33.4167,-7.5333,Morocco,MA,Casablanca-Settat,,96619,96619,33.4167,-7.5333,"{'latitude': 33.4375, 'longitude': -7.5625, 'generationtime_ms': 0.22602081298828103, 'utc_offset_seconds': 0, 'timezone': 'GMT', 'timezone_abbreviation': 'GMT', 'elevation': 180.0, 'daily_units': {'time': 'iso8601', 'temperature_2m_max': '°C', 'temperature_2m_min': '°C', 'precipitation_sum': 'mm', 'precipitation_probability_max': '%', 'wind_speed_10m_max': 'km/h', 'wind_gusts_10m_max': 'km/h', 'weather_code': 'wmo code'}, 'daily': {'time': ['2026-09-14', '2026-09-15', '2026-09-16', '2026-09-17', '2026-09-18', '2026-09-19', '2026-09-20'], 'temperature_2m_max': [38.0, 32.2, 27.4, 26.9, 27.6, 32.7, 36.9], 'temperature_2m_min': [23.9, 20.3, 19.3, 18.5, 16.3, 18.6, 20.5], 'precipitation_sum': [0.0, 0.0, 0.0, 0.0, 0.0, 0.0, 0.0], 'precipitation_probability_max': [0, 0, 0, 3, 3, 5, 5], 'wind_speed_10m_max': [17.7, 17.6, 19.0, 14.5, 19.5, 19.6, 19.8], 'wind_gusts_10m_max': [33.8, 34.6, 36.4, 29.5, 38.2, 36.7, 40.3], 'weather_code': [2, 45, 45, 3, 45, 45, 3]}}"
Agadir,30.4214,-9.5831,Morocco,MA,Souss-Massa,admin,538000,538000,30.4214,-9.5831,"{'latitude': 30.4375, 'longitude': -9.5625, 'generationtime_ms': 0.324487686157226, 'utc_offset_seconds': 0, 'timezone': 'GMT', 'timezone_abbreviation': 'GMT', 'elevation': 60.0, 'daily_units': {'time': 'iso8601', 'temperature_2m_max': '°C', 'temperature_2m_min': '°C', 'precipitation_sum': 'mm', 'precipitation_probability_max': '%', 'wind_speed_10m_max': 'km/h', 'wind_gusts_10m_max': 'km/h', 'weather_code': 'wmo code'}, 'daily': {'time': ['2026-09-14', '2026-09-15', '2026-09-16', '2026-09-17', '2026-09-18', '2026-09-19', '2026-09-20'], 'temperature_2m_max': [39.3, 34.2, 36.5, 28.0, 26.3, 37.7, 40.1], 'temperature_2m_min': [28.6, 26.5, 23.6, 20.3, 19.7, 20.2, 25.2], 'precipitation_sum': [0.0, 0.2, 0.0, 0.0, 0.0, 0.0, 0.0], 'precipitation_probability_max': [5, 0, 0, 3, 5, 3, 0], 'wind_speed_10m_max': [17.3, 10.5, 16.3, 13.8, 13.5, 16.3, 16.9], 'wind_gusts_10m_max': [43.9, 30.2, 47.9, 36.0, 36.7, 40.0, 38.5], 'weather_code': [3, 3, 0, 2, 2, 3, 1]}}"
Aguelmous,33.1324,-5.8366,Morocco,MA,Béni Mellal-Khénifra,,36560,36560,33.1324,-5.8366,"{'latitude': 33.125, 'longitude': -5.8125, 'generationtime_ms': 0.35583972930908203, 'utc_offset_seconds': 0, 'timezone': 'GMT', 'timezone_abbreviation': 'GMT', 'elevation': 1156.0, 'daily_units': {'time': 'iso8601', 'temperature_2m_max': '°C', 'temperature_2m_min': '°C', 'precipitation_sum': 'mm', 'precipitation_probability_max': '%', 'wind_speed_10m_max': 'km/h', 'wind_gusts_10m_max': 'km/h', 'weather_code': 'wmo code'}, 'daily': {'time': ['2026-09-14', '2026-09-15', '2026-09-16', '2026-09-17', '2026-09-18', '2026-09-19', '2026-09-20'], 'temperature_2m_max': [35.0, 33.0, 29.6, 28.4, 29.9, 31.0, 33.3], 'temperature_2m_min': [21.4, 17.7, 15.6, 15.8, 13.9, 17.0, 17.6], 'precipitation_sum': [0.1, 0.0, 0.0, 0.0, 0.0, 0.30000000000000004, 0.0], 'precipitation_probability_max': [20, 0, 0, 13, 30, 13, 13], 'wind_speed_10m_max': [16.4, 22.1, 19.5, 15.2, 20.6, 15.8, 16.9], 'wind_gusts_10m_max': [34.9, 43.6, 41.4, 31.7, 40.7, 34.9, 32.8], 'weather_code': [3, 3, 1, 3, 2, 3, 2]}}"
Ain El Aouda,33.8111,-6.7922,Morocco,MA,Rabat-Salé-Kénitra,,98502,98502,33.8111,-6.7922,"{'latitude': 33.8125, 'longitude': -6.8125, 'generationtime_ms': 0.19991397857666002, 'utc_offset_seconds': 0, 'timezone': 'GMT', 'timezone_abbreviation': 'GMT', 'elevation': 225.0, 'daily_units': {'time': 'iso8601', 'temperature_2m_max': '°C', 'temperature_2m_min': '°C', 'precipitation_sum': 'mm', 'precipitation_probability_max': '%', 'wind_speed_10m_max': 'km/h', 'wind_gusts_10m_max': 'km/h', 'weather_code': 'wmo code'}, 'daily': {'time': ['2026-09-14', '2026-09-15', '2026-09-16', '2026-09-17', '2026-09-18', '2026-09-19', '2026-09-20'], 'temperature_2m_max': [37.6, 30.7, 26.8, 26.4, 28.1, 32.4, 36.7], 'temperature_2m_min': [22.6, 19.7, 18.6, 17.1, 15.0, 16.5, 20.5], 'precipitation_sum': [0.0, 0.0, 0.0, 0.0, 0.0, 0.0, 0.0], 'precipitation_probability_max': [0, 0, 0, 0, 3, 5, 5], 'wind_speed_10m_max': [17.9, 19.6, 20.6, 15.8, 18.3, 15.5, 20.4], 'wind_gusts_10m_max': [35.3, 39.2, 41.4, 31.7, 37.4, 33.1, 39.2], 'weather_code': [1, 0, 2, 3, 45, 3, 0]}}"
Ait Ali,30.1739,-9.4881,Morocco,MA,Souss-Massa,,113236,113236,30.1739,-9.4881,"{'latitude': 30.1875, 'longitude': -9.5, 'generationtime_ms': 0.21433830261230402, 'utc_offset_seconds': 0, 'timezone': 'GMT', 'timezone_abbreviation': 'GMT', 'elevation': 90.0, 'daily_units': {'time': 'iso8601', 'temperature_2m_max': '°C', 'temperature_2m_min': '°C', 'precipitation_sum': 'mm', 'precipitation_probability_max': '%', 'wind_speed_10m_max': 'km/h', 'wind_gusts_10m_max': 'km/h', 'weather_code': 'wmo code'}, 'daily': {'time': ['2026-09-14', '2026-09-15', '2026-09-16', '2026-09-17', '2026-09-18', '2026-09-19', '2026-09-20'], 'temperature_2m_max': [40.1, 35.1, 30.4, 26.2, 26.6, 31.2, 37.8], 'temperature_2m_min': [27.2, 25.3, 21.6, 20.5, 20.1, 19.9, 25.3], 'precipitation_sum': [0.0, 0.2, 0.0, 0.0, 0.0, 0.30000000000000004, 0.0], 'precipitation_probability_max': [5, 5, 0, 3, 3, 0, 0], 'wind_speed_10m_max': [19.5, 21.0, 27.9, 26.7, 22.7, 17.7, 22.5], 'wind_gusts_10m_max': [32.0, 33.8, 44.6, 42.8, 37.8, 33.5, 37.4], 'weather_code': [3, 3, 0, 2, 2, 2, 1]}}"
Ait Melloul,30.3342,-9.4972,Morocco,MA,Souss-Massa,,210870,210870,30.3342,-9.4972,"{'latitude': 30.3125, 'longitude': -9.5, 'generationtime_ms': 0.29122829437255804, 'utc_offset_seconds': 0, 'timezone': 'GMT', 'timezone_abbreviation': 'GMT', 'elevation': 24.0, 'daily_units': {'time': 'iso8601', 'temperature_2m_max': '°C', 'temperature_2m_min': '°C', 'precipitation_sum': 'mm', 'precipitation_probability_max': '%', 'wind_speed_10m_max': 'km/h', 'wind_gusts_10m_max': 'km/h', 'weather_code': 'wmo code'}, 'daily': {'time': ['2026-09-14', '2026-09-15', '2026-09-16', '2026-09-17', '2026-09-18', '2026-09-19', '2026-09-20'], 'temperature_2m_max': [39.8, 34.0, 29.4, 26.6, 26.3, 38.0, 40.3], 'temperature_2m_min': [25.3, 24.9, 21.6, 21.0, 20.0, 20.3, 25.4], 'precipitation_sum': [0.0, 0.30000000000000004, 0.0, 0.0, 0.0, 0.0, 0.0], 'precipitation_probability_max': [3, 3, 0, 0, 5, 5, 0], 'wind_speed_10m_max': [17.7, 17.7, 20.5, 17.5, 18.4, 16.3, 16.9], 'wind_gusts_10m_max': [34.2, 34.6, 39.6, 34.2, 36.0, 40.0, 38.5], 'weather_code': [3, 3, 0, 3, 2, 3, 1]}}"
Ait Ourir,31.5644,-7.6628,Morocco,MA,Marrakech-Safi,,56954,56954,31.5644,-7.6628,"{'latitude': 31.5625, 'longitude': -7.6875, 'generationtime_ms': 0.707030296325683, 'utc_offset_seconds': 0, 'timezone': 'GMT', 'timezone_abbreviation': 'GMT', 'elevation': 667.0, 'daily_units': {'time': 'iso8601', 'temperature_2m_max': '°C', 'temperature_2m_min': '°C', 'precipitation_sum': 'mm', 'precipitation_probability_max': '%', 'wind_speed_10m_max': 'km/h', 'wind_gusts_10m_max': 'km/h', 'weather_code': 'wmo code'}, 'daily': {'time': ['2026-09-14', '2026-09-15', '2026-09-16', '2026-09-17', '2026-09-18', '2026-09-19', '2026-09-20'], 'temperature_2m_max': [37.9, 36.7, 32.9, 28.9, 30.2, 34.1, 36.7], 'temperature_2m_min': [25.2, 24.3, 19.8, 17.0, 17.1, 18.5, 19.6], 'precipitation_sum': [0.0, 0.0, 0.0, 0.0, 0.0, 0.9, 0.0], 'precipitation_probability_max': [0, 0, 0, 3, 18, 10, 8], 'wind_speed_10m_max': [14.9, 19.2, 14.2, 10.8, 12.0, 9.7, 16.3], 'wind_gusts_10m_max': [29.9, 36.0, 27.4, 21.6, 24.5, 19.1, 31.3], 'weather_code': [3, 3, 0, 2, 3, 3, 3]}}"
Al Aaroui,35.0104,-3.0073,Morocco,MA,Oriental,,46540,46540,35.0104,-3.0073,"{'latitude': 35.0, 'longitude': -3.0, 'generationtime_ms': 0.508427619934082, 'utc_offset_seconds': 0, 'timezone': 'GMT', 'timezone_abbreviation': 'GMT', 'elevation': 175.0, 'daily_units': {'time': 'iso8601', 'temperature_2m_max': '°C', 'temperature_2m_min': '°C', 'precipitation_sum': 'mm', 'precipitation_probability_max': '%', 'wind_speed_10m_max': 'km/h', 'wind_gusts_10m_max': 'km/h', 'weather_code': 'wmo code'}, 'daily': {'time': ['2026-09-14', '2026-09-15', '2026-09-16', '2026-09-17', '2026-09-18', '2026-09-19', '2026-09-20'], 'temperature_2m_max': [27.2, 28.1, 32.9, 27.4, 26.8, 28.8, 29.3], 'temperature_2m_min': [20.8, 18.3, 16.5, 19.4, 18.2, 20.5, 20.8], 'precipitation_sum': [0.0, 0.0, 0.0, 0.0, 0.0, 0.0, 0.0], 'precipitation_probability_max': [0, 0, 0, 3, 8, 8, 5], 'wind_speed_10m_max': [22.9, 16.3, 16.2, 16.8, 24.2, 20.2, 17.7], 'wind_gusts_10m_max': [40.0, 28.4, 28.4, 31.0, 43.6, 36.4, 36.0], 'weather_code': [45, 45, 1, 3, 45, 3, 45]}}"
Al Fqih Ben Çalah,32.507,-6.6886,Morocco,MA,Béni Mellal-Khénifra,,97380,97380,32.507,-6.6886,"{'latitude': 32.5, 'longitude': -6.6875, 'generationtime_ms': 0.25475025177001903, 'utc_offset_seconds': 0, 'timezone': 'GMT', 'timezone_abbreviation': 'GMT', 'elevation': 438.0, 'daily_units': {'time': 'iso8601', 'temperature_2m_max': '°C', 'temperature_2m_min': '°C', 'precipitation_sum': 'mm', 'precipitation_probability_max': '%', 'wind_speed_10m_max': 'km/h', 'wind_gusts_10m_max': 'km/h', 'weather_code': 'wmo code'}, 'daily': {'time': ['2026-09-14', '2026-09-15', '2026-09-16', '2026-09-17', '2026-09-18', '2026-09-19', '2026-09-20'], 'temperature_2m_max': [41.0, 39.2, 35.2, 32.8, 34.3, 37.8, 39.5], 'temperature_2m_min': [21.6, 21.7, 16.8, 16.1, 16.2, 18.3, 20.6], 'precipitation_sum': [0.0, 0.0, 0.0, 0.0, 0.0, 0.0, 0.0], 'precipitation_probability_max': [3, 0, 0, 3, 15, 8, 3], 'wind_speed_10m_max': [13.2, 21.7, 20.5, 14.9, 7.5, 13.8, 13.8], 'wind_gusts_10m_max': [28.1, 41.0, 42.8, 30.2, 20.9, 46.1, 24.8], 'weather_code': [3, 3, 0, 45, 1, 3, 2]}}"
Al Hoceïma,35.2472,-3.9322,Morocco,MA,Tanger-Tétouan-Al Hoceïma,,50225,50225,35.2472,-3.9322,"{'latitude': 35.1875, 'longitude': -3.875, 'generationtime_ms': 0.22506713867187503, 'utc_offset_seconds': 0, 'timezone': 'GMT', 'timezone_abbreviation': 'GMT', 'elevation': 59.0, 'daily_units': {'time': 'iso8601', 'temperature_2m_max': '°C', 'temperature_2m_min': '°C', 'precipitation_sum': 'mm', 'precipitation_probability_max': '%', 'wind_speed_10m_max': 'km/h', 'wind_gusts_10m_max': 'km/h', 'weather_code': 'wmo code'}, 'daily': {'time': ['2026-09-14', '2026-09-15', '2026-09-16', '2026-09-17', '2026-09-18', '2026-09-19', '2026-09-20'], 'temperature_2m_max': [28.7, 26.0, 27.9, 25.4, 26.0, 27.7, 27.7], 'temperature_2m_min': [19.5, 19.4, 19.3, 20.0, 19.1, 19.5, 22.0], 'precipitation_sum': [0.0, 0.0, 0.0, 0.0, 0.0, 0.0, 0.0], 'precipitation_probability_max': [0, 0, 2, 5, 8, 2, 0], 'wind_speed_10m_max': [15.0, 10.9, 10.8, 14.0, 17.3, 14.9, 12.5], 'wind_gusts_10m_max': [27.7, 20.2, 21.6, 25.2, 32.4, 28.8, 22.7], 'weather_code': [1, 45, 45, 3, 45, 3, 45]}}"
Al Khmissat,33.81,-6.06,Morocco,MA,Rabat-Salé-Kénitra,,131542,131542,33.81,-6.06,"{'latitude': 33.8125, 'longitude': -6.0625, 'generationtime_ms': 0.21231174468994102, 'utc_offset_seconds': 0, 'timezone': 'GMT', 'timezone_abbreviation': 'GMT', 'elevation': 425.0, 'daily_units': {'time': 'iso8601', 'temperature_2m_max': '°C', 'temperature_2m_min': '°C', 'precipitation_sum': 'mm', 'precipitation_probability_max': '%', 'wind_speed_10m_max': 'km/h', 'wind_gusts_10m_max': 'km/h', 'weather_code': 'wmo code'}, 'daily': {'time': ['2026-09-14', '2026-09-15', '2026-09-16', '2026-09-17', '2026-09-18', '2026-09-19', '2026-09-20'], 'temperature_2m_max': [39.1, 35.3, 30.9, 27.9, 30.4, 35.3, 38.1], 'temperature_2m_min': [23.2, 20.8, 18.1, 16.2, 14.8, 18.1, 19.2], 'precipitation_sum': [0.0, 0.0, 0.0, 0.0, 0.0, 0.0, 0.0], 'precipitation_probability_max': [0, 0, 0, 3, 5, 3, 3], 'wind_speed_10m_max': [18.9, 18.9, 18.4, 14.1, 18.1, 13.3, 21.2], 'wind_gusts_10m_max': [37.8, 37.8, 37.4, 28.8, 33.8, 27.7, 39.6], 'weather_code': [3, 2, 2, 45, 3, 3, 1]}}"
Al ’Attawia,31.83,-7.31,Morocco,MA,Marrakech-Safi,,38405,38405,31.83,-7.31,"{'latitude': 31.8125, 'longitude': -7.3125, 'generationtime_ms': 1.593589782714843, 'utc_offset_seconds': 0, 'timezone': 'GMT', 'timezone_abbreviation': 'GMT', 'elevation': 631.0, 'daily_units': {'time': 'iso8601', 'temperature_2m_max': '°C', 'temperature_2m_min': '°C', 'precipitation_sum': 'mm', 'precipitation_probability_max': '%', 'wind_speed_10m_max': 'km/h', 'wind_gusts_10m_max': 'km/h', 'weather_code': 'wmo code'}, 'daily': {'time': ['2026-09-14', '2026-09-15', '2026-09-16', '2026-09-17', '2026-09-18', '2026-09-19', '2026-09-20'], 'temperature_2m_max': [38.1, 36.7, 32.8, 29.1, 30.2, 34.3, 36.7], 'temperature_2m_min': [23.6, 23.0, 18.3, 16.4, 16.5, 16.9, 18.5], 'precipitation_sum': [0.0, 0.0, 0.0, 0.0, 0.0, 0.6000000000000001, 0.0], 'precipitation_probability_max': [3, 3, 0, 3, 18, 10, 8], 'wind_speed_10m_max': [20.5, 20.3, 17.1, 12.9, 15.0, 12.3, 17.3], 'wind_gusts_10m_max': [36.4, 36.4, 29.9, 24.5, 26.6, 35.3, 29.5], 'weather_code': [3, 3, 0, 45, 2, 80, 3]}}"
Arfoud,31.4361,-4.2328,Morocco,MA,Drâa-Tafilalet,,28912,28912,31.4361,-4.2328,"{'latitude': 31.4375, 'longitude': -4.25, 'generationtime_ms': 0.23913383483886702, 'utc_offset_seconds': 0, 'timezone': 'GMT', 'timezone_abbreviation': 'GMT', 'elevation': 808.0, 'daily_units': {'time': 'iso8601', 'temperature_2m_max': '°C', 'temperature_2m_min': '°C', 'precipitation_sum': 'mm', 'precipitation_probability_max': '%', 'wind_speed_10m_max': 'km/h', 'wind_gusts_10m_max': 'km/h', 'weather_code': 'wmo code'}, 'daily': {'time': ['2026-09-14', '2026-09-15', '2026-09-16', '2026-09-17', '2026-09-18', '2026-09-19', '2026-09-20'], 'temperature_2m_max': [38.0, 34.4, 34.8, 35.3, 35.2, 33.2, 34.4], 'temperature_2m_min': [23.5, 26.5, 23.2, 23.2, 24.6, 23.6, 20.6], 'precipitation_sum': [0.2, 0.0, 0.0, 0.0, 0.0, 0.0, 0.0], 'precipitation_probability_max': [8, 8, 0, 25, 23, 18, 3], 'wind_speed_10m_max': [14.4, 22.8, 11.4, 12.0, 15.0, 14.8, 8.4], 'wind_gusts_10m_max': [22.0, 41.0, 19.8, 20.2, 27.0, 23.4, 16.2], 'weather_code': [3, 3, 2, 3, 3, 3, 2]}}"
Asilah,35.4667,-6.0333,Morocco,MA,Tanger-Tétouan-Al Hoceïma,,36039,36039,35.4667,-6.0333,"{'latitude': 35.5, 'longitude': -6.0, 'generationtime_ms': 0.809192657470703, 'utc_offset_seconds': 0, 'timezone': 'GMT', 'timezone_abbreviation': 'GMT', 'elevation': 9.0, 'daily_units': {'time': 'iso8601', 'temperature_2m_max': '°C', 'temperature_2m_min': '°C', 'precipitation_sum': 'mm', 'precipitation_probability_max': '%', 'wind_speed_10m_max': 'km/h', 'wind_gusts_10m_max': 'km/h', 'weather_code': 'wmo code'}, 'daily': {'time': ['2026-09-14', '2026-09-15', '2026-09-16', '2026-09-17', '2026-09-18', '2026-09-19', '2026-09-20'], 'temperature_2m_max': [32.3, 32.5, 25.3, 24.1, 28.6, 36.5, 37.8], 'temperature_2m_min': [23.5, 21.8, 19.8, 18.9, 17.1, 21.6, 23.3], 'precipitation_sum': [0.0, 0.0, 0.0, 0.0, 0.0, 0.0, 0.0], 'precipitation_probability_max': [0, 0, 0, 3, 3, 3, 3], 'wind_speed_10m_max': [22.6, 20.4, 21.9, 16.6, 25.5, 19.2, 18.1], 'wind_gusts_10m_max': [41.0, 38.2, 39.6, 30.2, 49.0, 34.9, 36.0], 'weather_code': [0, 0, 3, 3, 2, 2, 1]}}"
Azemmour,33.2833,-8.3333,Morocco,MA,Casablanca-Settat,,42098,42098,33.2833,-8.3333,"{'latitude': 33.3125, 'longitude': -8.3125, 'generationtime_ms': 0.311732292175292, 'utc_offset_seconds': 0, 'timezone': 'GMT', 'timezone_abbreviation': 'GMT', 'elevation': 4.0, 'daily_units': {'time': 'iso8601', 'temperature_2m_max': '°C', 'temperature_2m_min': '°C', 'precipitation_sum': 'mm', 'precipitation_probability_max': '%', 'wind_speed_10m_max': 'km/h', 'wind_gusts_10m_max': 'km/h', 'weather_code': 'wmo code'}, 'daily': {'time': ['2026-09-14', '2026-09-15', '2026-09-16', '2026-09-17', '2026-09-18', '2026-09-19', '2026-09-20'], 'temperature_2m_max': [32.2, 28.3, 26.1, 26.1, 25.9, 27.1, 29.2], 'temperature_2m_min': [20.3, 21.0, 19.9, 18.1, 17.5, 19.7, 21.1], 'precipitation_sum': [0.0, 0.0, 0.0, 0.0, 0.0, 0.0, 0.0], 'precipitation_probability_max': [0, 0, 0, 0, 0, 2, 0], 'wind_speed_10m_max': [14.0, 17.3, 19.6, 14.8, 20.3, 18.4, 17.3], 'wind_gusts_10m_max': [25.9, 31.3, 36.0, 27.0, 36.7, 34.9, 32.8], 'weather_code': [2, 45, 45, 3, 45, 3, 45]}}"
Aziylal,31.96,-6.56,Morocco,MA,Béni Mellal-Khénifra,,48138,48138,31.96,-6.5600000000000005,"{'latitude': 31.9375, 'longitude': -6.5625, 'generationtime_ms': 1.487612724304199, 'utc_offset_seconds': 0, 'timezone': 'GMT', 'timezone_abbreviation': 'GMT', 'elevation': 1380.0, 'daily_units': {'time': 'iso8601', 'temperature_2m_max': '°C', 'temperature_2m_min': '°C', 'precipitation_sum': 'mm', 'precipitation_probability_max': '%', 'wind_speed_10m_max': 'km/h', 'wind_gusts_10m_max': 'km/h', 'weather_code': 'wmo code'}, 'daily': {'time': ['2026-09-14', '2026-09-15', '2026-09-16', '2026-09-17', '2026-09-18', '2026-09-19', '2026-09-20'], 'temperature_2m_max': [31.7, 29.8, 26.6, 25.5, 26.3, 27.8, 28.8], 'temperature_2m_min': [19.5, 19.6, 15.5, 15.1, 14.3, 18.2, 16.9], 'precipitation_sum': [1.2, 0.0, 0.0, 0.0, 0.0, 9.3, 0.0], 'precipitation_probability_max': [15, 8, 0, 19, 33, 15, 15], 'wind_speed_10m_max': [18.9, 21.9, 18.0, 17.3, 15.6, 15.0, 12.3], 'wind_gusts_10m_max': [41.0, 45.7, 37.8, 36.4, 33.1, 32.0, 32.8], 'weather_code': [61, 3, 0, 3, 3, 63, 3]}}"
Azrou,33.4344,-5.2213,Morocco,MA,Fès-Meknès,,81350,81350,33.4344,-5.2213,"{'latitude': 33.4375, 'longitude': -5.25, 'generationtime_ms': 0.661373138427734, 'utc_offset_seconds': 0, 'timezone': 'GMT', 'timezone_abbreviation': 'GMT', 'elevation': 1277.0, 'daily_units': {'time': 'iso8601', 'temperature_2m_max': '°C', 'temperature_2m_min': '°C', 'precipitation_sum': 'mm', 'precipitation_probability_max': '%', 'wind_speed_10m_max': 'km/h', 'wind_gusts_10m_max': 'km/h', 'weather_code': 'wmo code'}, 'daily': {'time': ['2026-09-14', '2026-09-15', '2026-09-16', '2026-09-17', '2026-09-18', '2026-09-19', '2026-09-20'], 'temperature_2m_max': [31.7, 30.1, 26.0, 24.8, 26.6, 28.7, 30.7], 'temperature_2m_min': [18.9, 17.2, 14.7, 15.4, 12.9, 18.4, 18.9], 'precipitation_sum': [0.0, 0.0, 0.0, 0.0, 0.0, 0.30000000000000004, 0.0], 'precipitation_probability_max': [20, 3, 0, 15, 25, 13, 13], 'wind_speed_10m_max': [15.4, 19.5, 14.8, 13.9, 12.7, 11.6, 12.3], 'wind_gusts_10m_max': [49.3, 42.1, 35.3, 34.9, 31.3, 37.9, 48.2], 'weather_code': [3, 3, 2, 3, 3, 3, 2]}}"
Aïn Harrouda,33.6372,-7.4483,Morocco,MA,Casablanca-Settat,,60804,60804,33.6372,-7.4483,"{'latitude': 33.625, 'longitude': -7.4375, 'generationtime_ms': 0.24724006652832, 'utc_offset_seconds': 0, 'timezone': 'GMT', 'timezone_abbreviation': 'GMT', 'elevation': 34.0, 'daily_units': {'time': 'iso8601', 'temperature_2m_max': '°C', 'temperature_2m_min': '°C', 'precipitation_sum': 'mm', 'precipitation_probability_max': '%', 'wind_speed_10m_max': 'km/h', 'wind_gusts_10m_max': 'km/h', 'weather_code': 'wmo code'}, 'daily': {'time': ['2026-09-14', '2026-09-15', '2026-09-16', '2026-09-17', '2026-09-18', '2026-09-19', '2026-09-20'], 'temperature_2m_max': [33.9, 28.4, 26.0, 26.2, 26.1, 27.6, 30.1], 'temperature_2m_min': [23.1, 21.4, 20.5, 19.3, 16.9, 19.0, 21.2], 'precipitation_sum': [0.0, 0.0, 0.0, 0.0, 0.0, 0.0, 0.0], 'precipitation_probability_max': [0, 0, 0, 0, 3, 3, 0], 'wind_speed_10m_max': [11.6, 13.7, 15.9, 13.8, 15.6, 14.0, 14.0], 'wind_gusts_10m_max': [30.2, 35.3, 40.7, 36.4, 39.6, 32.0, 32.8], 'weather_code': [1, 45, 3, 3, 45, 45, 0]}}"
Aïn Taoujdat,33.9333,-5.2167,Morocco,MA,Fès-Meknès,,33055,33055,33.9333,-5.2167,"{'latitude': 33.9375, 'longitude': -5.1875, 'generationtime_ms': 0.296235084533691, 'utc_offset_seconds': 0, 'timezone': 'GMT', 'timezone_abbreviation': 'GMT', 'elevation': 470.0, 'daily_units': {'time': 'iso8601', 'temperature_2m_max': '°C', 'temperature_2m_min': '°C', 'precipitation_sum': 'mm', 'precipitation_probability_max': '%', 'wind_speed_10m_max': 'km/h', 'wind_gusts_10m_max': 'km/h', 'weather_code': 'wmo code'}, 'daily': {'time': ['2026-09-14', '2026-09-15', '2026-09-16', '2026-09-17', '2026-09-18', '2026-09-19', '2026-09-20'], 'temperature_2m_max': [37.2, 34.6, 31.1, 26.4, 30.7, 36.3, 37.9], 'temperature_2m_min': [22.1, 22.0, 20.2, 17.6, 16.5, 19.2, 21.3], 'precipitation_sum': [0.0, 0.0, 0.0, 0.0, 0.0, 0.30000000000000004, 0.0], 'precipitation_probability_max': [3, 0, 0, 5, 13, 5, 5], 'wind_speed_10m_max': [16.4, 18.2, 19.0, 15.1, 14.2, 13.5, 17.9], 'wind_gusts_10m_max': [31.7, 38.5, 36.7, 28.8, 28.4, 26.3, 33.8], 'weather_code': [3, 3, 1, 45, 3, 3, 1]}}"
Barrechid,33.27,-7.5872,Morocco,MA,Casablanca-Settat,,168687,168687,33.27,-7.5872,"{'latitude': 33.25, 'longitude': -7.5625, 'generationtime_ms': 0.20384788513183502, 'utc_offset_seconds': 0, 'timezone': 'GMT', 'timezone_abbreviation': 'GMT', 'elevation': 222.0, 'daily_units': {'time': 'iso8601', 'temperature_2m_max': '°C', 'temperature_2m_min': '°C', 'precipitation_sum': 'mm', 'precipitation_probability_max': '%', 'wind_speed_10m_max': 'km/h', 'wind_gusts_10m_max': 'km/h', 'weather_code': 'wmo code'}, 'daily': {'time': ['2026-09-14', '2026-09-15', '2026-09-16', '2026-09-17', '2026-09-18', '2026-09-19', '2026-09-20'], 'temperature_2m_max': [39.9, 34.8, 28.8, 27.3, 29.3, 33.0, 37.0], 'temperature_2m_min': [24.0, 20.7, 18.7, 17.7, 16.0, 18.0, 20.9], 'precipitation_sum': [0.0, 0.0, 0.0, 0.0, 0.0, 0.0, 0.0], 'precipitation_probability_max': [0, 0, 0, 3, 3, 5, 5], 'wind_speed_10m_max': [22.6, 21.7, 21.0, 16.8, 20.2, 19.9, 19.8], 'wind_gusts_10m_max': [41.0, 39.2, 37.4, 30.2, 37.4, 36.0, 38.2], 'weather_code': [2, 1, 2, 3, 45, 45, 3]}}"
Ben Guerir,32.23,-7.95,Morocco,MA,Marrakech-Safi,,114872,114872,32.23,-7.95,"{'latitude': 32.25, 'longitude': -7.9375, 'generationtime_ms': 0.335693359375, 'utc_offset_seconds': 0, 'timezone': 'GMT', 'timezone_abbreviation': 'GMT', 'elevation': 464.0, 'daily_units': {'time': 'iso8601', 'temperature_2m_max': '°C', 'temperature_2m_min': '°C', 'precipitation_sum': 'mm', 'precipitation_probability_max': '%', 'wind_speed_10m_max': 'km/h', 'wind_gusts_10m_max': 'km/h', 'weather_code': 'wmo code'}, 'daily': {'time': ['2026-09-14', '2026-09-15', '2026-09-16', '2026-09-17', '2026-09-18', '2026-09-19', '2026-09-20'], 'temperature_2m_max': [39.6, 36.9, 32.5, 28.5, 30.9, 35.7, 37.7], 'temperature_2m_min': [26.3, 24.0, 18.8, 16.7, 16.6, 18.4, 22.5], 'precipitation_sum': [0.0, 0.0, 0.0, 0.0, 0.0, 0.9, 0.0], 'precipitation_probability_max': [0, 0, 0, 0, 5, 18, 18], 'wind_speed_10m_max': [21.1, 23.9, 22.2, 16.3, 16.3, 7.9, 21.1], 'wind_gusts_10m_max': [44.3, 48.6, 44.3, 33.1, 33.5, 32.0, 37.4], 'weather_code': [3, 3, 1, 2, 1, 80, 2]}}"
Beni Yakhlef,33.6555,-7.3221,Morocco,MA,Casablanca-Settat,,117653,117653,33.6555,-7.3221,"{'latitude': 33.625, 'longitude': -7.3125, 'generationtime_ms': 0.238776206970214, 'utc_offset_seconds': 0, 'timezone': 'GMT', 'timezone_abbreviation': 'GMT', 'elevation': 109.0, 'daily_units': {'time': 'iso8601', 'temperature_2m_max': '°C', 'temperature_2m_min': '°C', 'precipitation_sum': 'mm', 'precipitation_probability_max': '%', 'wind_speed_10m_max': 'km/h', 'wind_gusts_10m_max': 'km/h', 'weather_code': 'wmo code'}, 'daily': {'time': ['2026-09-14', '2026-09-15', '2026-09-16', '2026-09-17', '2026-09-18', '2026-09-19', '2026-09-20'], 'temperature_2m_max': [36.0, 29.8, 26.5, 26.6, 27.0, 29.5, 33.1], 'temperature_2m_min': [23.2, 20.2, 19.4, 18.5, 15.6, 18.2, 20.7], 'precipitation_sum': [0.0, 0.0, 0.0, 0.0, 0.0, 0.0, 0.0], 'precipitation_probability_max': [0, 0, 0, 0, 3, 3, 0], 'wind_speed_10m_max': [16.5, 18.5, 20.4, 16.4, 20.6, 17.5, 19.1], 'wind_gusts_10m_max': [30.6, 34.2, 37.8, 31.0, 38.5, 32.8, 36.4], 'weather_code': [1, 45, 3, 3, 45, 45, 0]}}"
Berkane,34.9167,-2.3167,Morocco,MA,Oriental,,99069,99069,34.9167,-2.3167,"{'latitude': 34.9375, 'longitude': -2.3125, 'generationtime_ms': 0.332593917846679, 'utc_offset_seconds': 0, 'timezone': 'GMT', 'timezone_abbreviation': 'GMT', 'elevation': 184.0, 'daily_units': {'time': 'iso8601', 'temperature_2m_max': '°C', 'temperature_2m_min': '°C', 'precipitation_sum': 'mm', 'precipitation_probability_max': '%', 'wind_speed_10m_max': 'km/h', 'wind_gusts_10m_max': 'km/h', 'weather_code': 'wmo code'}, 'daily': {'time': ['2026-09-14', '2026-09-15', '2026-09-16', '2026-09-17', '2026-09-18', '2026-09-19', '2026-09-20'], 'temperature_2m_max': [27.1, 26.8, 31.4, 26.6, 26.4, 28.0, 28.2], 'temperature_2m_min': [18.8, 17.5, 16.5, 19.8, 17.7, 19.1, 19.9], 'precipitation_sum': [0.0, 0.0, 0.0, 0.0, 0.0, 0.0, 0.0], 'precipitation_probability_max': [0, 0, 0, 8, 10, 5, 3], 'wind_speed_10m_max': [16.0, 12.6, 13.0, 15.8, 17.7, 13.6, 12.2], 'wind_gusts_10m_max': [33.5, 27.7, 28.8, 35.6, 39.2, 25.2, 23.4], 'weather_code': [2, 3, 1, 3, 3, 3, 2]}}"
Biougra,30.2144,-9.3708,Morocco,MA,Souss-Massa,,50626,50626,30.2144,-9.3708,"{'latitude': 30.1875, 'longitude': -9.375, 'generationtime_ms': 0.8533000946044921, 'utc_offset_seconds': 0, 'timezone': 'GMT', 'timezone_abbreviation': 'GMT', 'elevation': 132.0, 'daily_units': {'time': 'iso8601', 'temperature_2m_max': '°C', 'temperature_2m_min': '°C', 'precipitation_sum': 'mm', 'precipitation_probability_max': '%', 'wind_speed_10m_max': 'km/h', 'wind_gusts_10m_max': 'km/h', 'weather_code': 'wmo code'}, 'daily': {'time': ['2026-09-14', '2026-09-15', '2026-09-16', '2026-09-17', '2026-09-18', '2026-09-19', '2026-09-20'], 'temperature_2m_max': [40.6, 36.7, 32.2, 27.4, 27.7, 32.4, 39.8], 'temperature_2m_min': [27.6, 25.5, 22.3, 20.5, 20.0, 19.3, 23.2], 'precipitation_sum': [0.1, 0.7000000000000001, 0.0, 0.0, 0.0, 0.0, 0.0], 'precipitation_probability_max': [5, 5, 0, 3, 5, 3, 0], 'wind_speed_10m_max': [22.3, 21.7, 33.4, 31.6, 25.7, 20.2, 28.2], 'wind_gusts_10m_max': [38.2, 34.9, 55.1, 52.2, 42.8, 33.5, 48.6], 'weather_code': [80, 80, 0, 2, 2, 2, 1]}}"
Bir Jdid,33.3737,-8.0002,Morocco,MA,Casablanca-Settat,,30247,30247,33.3737,-8.0002,"{'latitude': 33.375, 'longitude': -8.0, 'generationtime_ms': 0.46277046203613204, 'utc_offset_seconds': 0, 'timezone': 'GMT', 'timezone_abbreviation': 'GMT', 'elevation': 101.0, 'daily_units': {'time': 'iso8601', 'temperature_2m_max': '°C', 'temperature_2m_min': '°C', 'precipitation_sum': 'mm', 'precipitation_probability_max': '%', 'wind_speed_10m_max': 'km/h', 'wind_gusts_10m_max': 'km/h', 'weather_code': 'wmo code'}, 'daily': {'time': ['2026-09-14', '2026-09-15', '2026-09-16', '2026-09-17', '2026-09-18', '2026-09-19', '2026-09-20'], 'temperature_2m_max': [33.6, 29.0, 25.9, 25.9, 26.0, 27.9, 30.9], 'temperature_2m_min': [22.4, 20.6, 19.7, 18.3, 17.2, 19.0, 20.1], 'precipitation_sum': [0.0, 0.0, 0.0, 0.0, 0.0, 0.0, 0.0], 'precipitation_probability_max': [0, 0, 0, 0, 3, 3, 0], 'wind_speed_10m_max': [14.9, 17.3, 19.8, 16.6, 21.3, 19.5, 17.9], 'wind_gusts_10m_max': [28.8, 33.5, 37.8, 32.0, 41.4, 37.1, 35.6], 'weather_code': [1, 45, 45, 3, 2, 45, 45]}}"
Bou Arfa,32.531,-1.9631,Morocco,MA,Oriental,,30068,30068,32.531,-1.9631,"{'latitude': 32.5, 'longitude': -1.9375, 'generationtime_ms': 1.030921936035156, 'utc_offset_seconds': 0, 'timezone': 'GMT', 'timezone_abbreviation': 'GMT', 'elevation': 1161.0, 'daily_units': {'time': 'iso8601', 'temperature_2m_max': '°C', 'temperature_2m_min': '°C', 'precipitation_sum': 'mm', 'precipitation_probability_max': '%', 'wind_speed_10m_max': 'km/h', 'wind_gusts_10m_max': 'km/h', 'weather_code': 'wmo code'}, 'daily': {'time': ['2026-09-14', '2026-09-15', '2026-09-16', '2026-09-17', '2026-09-18', '2026-09-19', '2026-09-20'], 'temperature_2m_max': [34.1, 32.2, 29.3, 30.3, 29.3, 32.1, 31.5], 'temperature_2m_min': [21.5, 20.0, 20.2, 17.5, 17.9, 20.2, 18.8], 'precipitation_sum': [0.1, 0.1, 0.0, 0.0, 0.0, 0.0, 0.0], 'precipitation_probability_max': [5, 15, 3, 25, 28, 13, 10], 'wind_speed_10m_max': [17.2, 20.3, 15.6, 21.8, 16.1, 11.4, 13.8], 'wind_gusts_10m_max': [29.9, 31.7, 24.8, 33.8, 23.8, 22.0, 20.5], 'weather_code': [3, 3, 3, 3, 3, 3, 3]}}"
Boujad,32.7741,-6.3925,Morocco,MA,Béni Mellal-Khénifra,,47209,47209,32.7741,-6.3925,"{'latitude': 32.75, 'longitude': -6.375, 'generationtime_ms': 0.303864479064941, 'utc_offset_seconds': 0, 'timezone': 'GMT', 'timezone_abbreviation': 'GMT', 'elevation': 676.0, 'daily_units': {'time': 'iso8601', 'temperature_2m_max': '°C', 'temperature_2m_min': '°C', 'precipitation_sum': 'mm', 'precipitation_probability_max': '%', 'wind_speed_10m_max': 'km/h', 'wind_gusts_10m_max': 'km/h', 'weather_code': 'wmo code'}, 'daily': {'time': ['2026-09-14', '2026-09-15', '2026-09-16', '2026-09-17', '2026-09-18', '2026-09-19', '2026-09-20'], 'temperature_2m_max': [38.5, 36.7, 32.6, 31.0, 32.4, 34.5, 36.4], 'temperature_2m_min': [21.8, 22.2, 17.7, 16.6, 16.0, 19.5, 20.8], 'precipitation_sum': [0.0, 0.0, 0.0, 0.0, 0.0, 0.30000000000000004, 0.0], 'precipitation_probability_max': [5, 0, 0, 3, 15, 8, 3], 'wind_speed_10m_max': [11.3, 22.1, 21.5, 16.3, 18.0, 12.3, 13.7], 'wind_gusts_10m_max': [19.8, 40.0, 41.8, 33.5, 36.7, 24.8, 35.3], 'weather_code': [3, 3, 1, 3, 3, 80, 2]}}"
Bouknadel,34.1766,-6.6893,Morocco,MA,Rabat-Salé-Kénitra,,43598,43598,34.1766,-6.6893,"{'latitude': 34.1875, 'longitude': -6.6875, 'generationtime_ms': 0.554800033569335, 'utc_offset_seconds': 0, 'timezone': 'GMT', 'timezone_abbreviation': 'GMT', 'elevation': 24.0, 'daily_units': {'time': 'iso8601', 'temperature_2m_max': '°C', 'temperature_2m_min': '°C', 'precipitation_sum': 'mm', 'precipitation_probability_max': '%', 'wind_speed_10m_max': 'km/h', 'wind_gusts_10m_max': 'km/h', 'weather_code': 'wmo code'}, 'daily': {'time': ['2026-09-14', '2026-09-15', '2026-09-16', '2026-09-17', '2026-09-18', '2026-09-19', '2026-09-20'], 'temperature_2m_max': [31.0, 26.0, 25.1, 25.0, 25.5, 29.1, 33.6], 'temperature_2m_min': [22.0, 21.1, 20.6, 18.7, 17.7, 17.2, 19.9], 'precipitation_sum': [0.0, 0.0, 0.0, 0.0, 0.0, 0.0, 0.0], 'precipitation_probability_max': [0, 0, 0, 3, 3, 0, 0], 'wind_speed_10m_max': [9.7, 16.9, 21.2, 14.4, 18.4, 13.7, 16.1], 'wind_gusts_10m_max': [18.0, 29.5, 36.7, 26.3, 31.7, 32.4, 36.0], 'weather_code': [1, 45, 2, 3, 45, 3, 0]}}"
Bouskoura,33.4489,-7.6486,Morocco,MA,Casablanca-Settat,,200359,200359,33.4489,-7.6486,"{'latitude': 33.4375, 'longitude': -7.625, 'generationtime_ms': 0.24652481079101501, 'utc_offset_seconds': 0, 'timezone': 'GMT', 'timezone_abbreviation': 'GMT', 'elevation': 145.0, 'daily_units': {'time': 'iso8601', 'temperature_2m_max': '°C', 'temperature_2m_min': '°C', 'precipitation_sum': 'mm', 'precipitation_probability_max': '%', 'wind_speed_10m_max': 'km/h', 'wind_gusts_10m_max': 'km/h', 'weather_code': 'wmo code'}, 'daily': {'time': ['2026-09-14', '2026-09-15', '2026-09-16', '2026-09-17', '2026-09-18', '2026-09-19', '2026-09-20'], 'temperature_2m_max': [37.0, 31.3, 26.8, 26.5, 27.3, 27.8, 30.9], 'temperature_2m_min': [24.1, 20.7, 19.6, 18.8, 16.8, 19.0, 20.3], 'precipitation_sum': [0.0, 0.0, 0.0, 0.0, 0.0, 0.0, 0.0], 'precipitation_probability_max': [0, 0, 0, 3, 3, 2, 0], 'wind_speed_10m_max': [15.5, 16.1, 17.5, 14.0, 17.7, 13.1, 13.3], 'wind_gusts_10m_max': [38.5, 39.2, 42.1, 35.6, 42.8, 34.9, 35.3], 'weather_code': [2, 45, 45, 3, 45, 45, 45]}}"
Béni Mellal,32.3394,-6.3608,Morocco,MA,Béni Mellal-Khénifra,admin,209594,209594,32.3394,-6.3608,"{'latitude': 32.3125, 'longitude': -6.375, 'generationtime_ms': 0.305771827697753, 'utc_offset_seconds': 0, 'timezone': 'GMT', 'timezone_abbreviation': 'GMT', 'elevation': 505.0, 'daily_units': {'time': 'iso8601', 'temperature_2m_max': '°C', 'temperature_2m_min': '°C', 'precipitation_sum': 'mm', 'precipitation_probability_max': '%', 'wind_speed_10m_max': 'km/h', 'wind_gusts_10m_max': 'km/h', 'weather_code': 'wmo code'}, 'daily': {'time': ['2026-09-14', '2026-09-15', '2026-09-16', '2026-09-17', '2026-09-18', '2026-09-19', '2026-09-20'], 'temperature_2m_max': [38.4, 36.5, 32.7, 29.8, 31.6, 35.7, 37.8], 'temperature_2m_min': [25.5, 24.2, 21.2, 18.7, 18.9, 22.6, 26.6], 'precipitation_sum': [0.0, 0.0, 0.0, 0.0, 0.0, 0.6000000000000001, 0.0], 'precipitation_probability_max': [5, 0, 0, 5, 14, 13, 3], 'wind_speed_10m_max': [18.6, 21.0, 17.9, 10.7, 10.6, 14.3, 18.0], 'wind_gusts_10m_max': [40.3, 45.0, 36.7, 24.8, 20.9, 28.4, 37.1], 'weather_code': [3, 3, 2, 2, 3, 3, 2]}}"
Cabo Bojador,26.1269,-14.4992,Morocco,MA,Laâyoune-Sakia El Hamra,,42651,42651,26.1269,-14.4992,"{'latitude': 26.115992, 'longitude': -14.490692, 'generationtime_ms': 0.16760826110839802, 'utc_offset_seconds': 0, 'timezone': 'GMT', 'timezone_abbreviation': 'GMT', 'elevation': 3.0, 'daily_units': {'time': 'iso8601', 'temperature_2m_max': '°C', 'temperature_2m_min': '°C', 'precipitation_sum': 'mm', 'precipitation_probability_max': '%', 'wind_speed_10m_max': 'km/h', 'wind_gusts_10m_max': 'km/h', 'weather_code': 'wmo code'}, 'daily': {'time': ['2026-09-14', '2026-09-15', '2026-09-16', '2026-09-17', '2026-09-18', '2026-09-19', '2026-09-20'], 'temperature_2m_max': [32.7, 34.4, 28.7, 25.5, 24.8, 25.1, 28.7], 'temperature_2m_min': [22.3, 24.4, 21.8, 20.8, 19.6, 19.1, 19.3], 'precipitation_sum': [0.0, 0.0, 0.0, 0.0, 0.0, 0.0, 0.0], 'precipitation_probability_max': [0, 0, 0, 0, 0, 0, 0], 'wind_speed_10m_max': [30.9, 27.0, 27.5, 32.3, 24.6, 21.6, 28.7], 'wind_gusts_10m_max': [49.7, 47.5, 50.0, 58.3, 47.5, 41.8, 49.0], 'weather_code': [0, 0, 0, 3, 3, 1, 0]}}"
Casablanca,33.5992,-7.62,Morocco,MA,Casablanca-Settat,admin,3950000,3215935,33.5992,-7.62,"{'latitude': 33.5625, 'longitude': -7.625, 'generationtime_ms': 0.238656997680664, 'utc_offset_seconds': 0, 'timezone': 'GMT', 'timezone_abbreviation': 'GMT', 'elevation': 23.0, 'daily_units': {'time': 'iso8601', 'temperature_2m_max': '°C', 'temperature_2m_min': '°C', 'precipitation_sum': 'mm', 'precipitation_probability_max': '%', 'wind_speed_10m_max': 'km/h', 'wind_gusts_10m_max': 'km/h', 'weather_code': 'wmo code'}, 'daily': {'time': ['2026-09-14', '2026-09-15', '2026-09-16', '2026-09-17', '2026-09-18', '2026-09-19', '2026-09-20'], 'temperature_2m_max': [32.3, 28.0, 25.6, 25.6, 25.4, 28.6, 31.7], 'temperature_2m_min': [23.3, 21.7, 20.9, 19.7, 18.2, 19.8, 21.1], 'precipitation_sum': [0.0, 0.0, 0.0, 0.0, 0.0, 0.0, 0.0], 'precipitation_probability_max': [0, 0, 0, 3, 3, 2, 0], 'wind_speed_10m_max': [10.3, 11.9, 14.6, 12.5, 14.8, 13.1, 13.3], 'wind_gusts_10m_max': [29.5, 33.1, 38.2, 34.2, 38.5, 34.9, 35.3], 'weather_code': [1, 45, 2, 3, 2, 45, 45]}}"
Chichaoua,31.5333,-8.7667,Morocco,MA,Marrakech-Safi,,38452,38452,31.5333,-8.7667,"{'latitude': 31.5625, 'longitude': -8.75, 'generationtime_ms': 0.213027000427246, 'utc_offset_seconds': 0, 'timezone': 'GMT', 'timezone_abbreviation': 'GMT', 'elevation': 365.0, 'daily_units': {'time': 'iso8601', 'temperature_2m_max': '°C', 'temperature_2m_min': '°C', 'precipitation_sum': 'mm', 'precipitation_probability_max': '%', 'wind_speed_10m_max': 'km/h', 'wind_gusts_10m_max': 'km/h', 'weather_code': 'wmo code'}, 'daily': {'time': ['2026-09-14', '2026-09-15', '2026-09-16', '2026-09-17', '2026-09-18', '2026-09-19', '2026-09-20'], 'temperature_2m_max': [40.3, 38.6, 34.3, 29.8, 31.5, 36.0, 37.3], 'temperature_2m_min': [23.8, 24.0, 21.0, 17.9, 17.9, 18.7, 21.8], 'precipitation_sum': [0.0, 0.0, 0.0, 0.0, 0.0, 0.9, 0.0], 'precipitation_probability_max': [0, 3, 0, 0, 8, 10, 10], 'wind_speed_10m_max': [30.6, 26.7, 25.6, 17.3, 17.5, 14.0, 10.2], 'wind_gusts_10m_max': [49.3, 42.8, 41.4, 28.8, 30.2, 46.1, 19.8], 'weather_code': [3, 3, 0, 2, 2, 61, 3]}}"
Demnat,31.7311,-7.0361,Morocco,MA,Béni Mellal-Khénifra,,33635,33635,31.7311,-7.0361,"{'latitude': 31.75, 'longitude': -7.0625, 'generationtime_ms': 2.195358276367187, 'utc_offset_seconds': 0, 'timezone': 'GMT', 'timezone_abbreviation': 'GMT', 'elevation': 1023.0, 'daily_units': {'time': 'iso8601', 'temperature_2m_max': '°C', 'temperature_2m_min': '°C', 'precipitation_sum': 'mm', 'precipitation_probability_max': '%', 'wind_speed_10m_max': 'km/h', 'wind_gusts_10m_max': 'km/h', 'weather_code': 'wmo code'}, 'daily': {'time': ['2026-09-14', '2026-09-15', '2026-09-16', '2026-09-17', '2026-09-18', '2026-09-19', '2026-09-20'], 'temperature_2m_max': [35.1, 33.7, 29.9, 26.3, 27.8, 31.2, 33.7], 'temperature_2m_min': [23.4, 20.6, 17.5, 15.0, 14.7, 16.1, 17.8], 'precipitation_sum': [0.0, 0.0, 0.0, 0.0, 0.0, 0.30000000000000004, 0.30000000000000004], 'precipitation_probability_max': [3, 5, 0, 3, 18, 15, 15], 'wind_speed_10m_max': [18.4, 21.1, 18.0, 13.5, 12.4, 13.4, 13.1], 'wind_gusts_10m_max': [35.3, 39.6, 34.2, 26.3, 23.4, 36.0, 35.3], 'weather_code': [3, 3, 0, 1, 1, 3, 3]}}"
Douar Toulal,33.8951,-5.6021,Morocco,MA,Fès-Meknès,,26970,13852,33.8951,-5.6021,"{'latitude': 33.875, 'longitude': -5.625, 'generationtime_ms': 0.45108795166015603, 'utc_offset_seconds': 0, 'timezone': 'GMT', 'timezone_abbreviation': 'GMT', 'elevation': 497.0, 'daily_units': {'time': 'iso8601', 'temperature_2m_max': '°C', 'temperature_2m_min': '°C', 'precipitation_sum': 'mm', 'precipitation_probability_max': '%', 'wind_speed_10m_max': 'km/h', 'wind_gusts_10m_max': 'km/h', 'weather_code': 'wmo code'}, 'daily': {'time': ['2026-09-14', '2026-09-15', '2026-09-16', '2026-09-17', '2026-09-18', '2026-09-19', '2026-09-20'], 'temperature_2m_max': [37.9, 34.5, 30.6, 26.6, 30.3, 35.1, 37.4], 'temperature_2m_min': [23.4, 21.4, 18.7, 17.6, 15.6, 19.0, 21.8], 'precipitation_sum': [0.0, 0.0, 0.0, 0.0, 0.0, 0.0, 0.0], 'precipitation_probability_max': [3, 0, 0, 5, 8, 5, 5], 'wind_speed_10m_max': [17.8, 18.1, 18.6, 14.5, 13.7, 9.5, 18.4], 'wind_gusts_10m_max': [39.2, 40.0, 41.0, 32.8, 31.0, 32.4, 34.9], 'weather_code': [3, 3, 2, 3, 2, 3, 2]}}"
El Aïoun,34.5726,-2.5127,Morocco,MA,Oriental,,40652,40652,34.5726,-2.5127,"{'latitude': 34.5625, 'longitude': -2.5, 'generationtime_ms': 0.23841857910156203, 'utc_offset_seconds': 0, 'timezone': 'GMT', 'timezone_abbreviation': 'GMT', 'elevation': 584.0, 'daily_units': {'time': 'iso8601', 'temperature_2m_max': '°C', 'temperature_2m_min': '°C', 'precipitation_sum': 'mm', 'precipitation_probability_max': '%', 'wind_speed_10m_max': 'km/h', 'wind_gusts_10m_max': 'km/h', 'weather_code': 'wmo code'}, 'daily': {'time': ['2026-09-14', '2026-09-15', '2026-09-16', '2026-09-17', '2026-09-18', '2026-09-19', '2026-09-20'], 'temperature_2m_max': [32.2, 32.3, 31.8, 28.7, 28.3, 31.5, 31.4], 'temperature_2m_min': [17.7, 16.7, 16.3, 16.4, 14.9, 16.4, 17.7], 'precipitation_sum': [0.0, 0.0, 0.0, 0.0, 0.0, 0.0, 0.0], 'precipitation_probability_max': [0, 0, 0, 10, 20, 5, 5], 'wind_speed_10m_max': [15.8, 12.0, 21.2, 15.8, 18.7, 14.4, 13.8], 'wind_gusts_10m_max': [26.6, 21.2, 36.7, 28.1, 32.4, 25.6, 26.3], 'weather_code': [1, 3, 0, 3, 45, 3, 45]}}"
El Hajeb,33.6928,-5.3711,Morocco,MA,Fès-Meknès,,41359,41359,33.6928,-5.3711,"{'latitude': 33.6875, 'longitude': -5.375, 'generationtime_ms': 0.825047492980957, 'utc_offset_seconds': 0, 'timezone': 'GMT', 'timezone_abbreviation': 'GMT', 'elevation': 982.0, 'daily_units': {'time': 'iso8601', 'temperature_2m_max': '°C', 'temperature_2m_min': '°C', 'precipitation_sum': 'mm', 'precipitation_probability_max': '%', 'wind_speed_10m_max': 'km/h', 'wind_gusts_10m_max': 'km/h', 'weather_code': 'wmo code'}, 'daily': {'time': ['2026-09-14', '2026-09-15', '2026-09-16', '2026-09-17', '2026-09-18', '2026-09-19', '2026-09-20'], 'temperature_2m_max': [34.9, 32.8, 28.7, 25.5, 27.5, 32.8, 34.6], 'temperature_2m_min': [23.6, 20.5, 18.1, 16.2, 14.6, 17.2, 20.7], 'precipitation_sum': [0.0, 0.0, 0.0, 0.0, 0.0, 0.0, 0.0], 'precipitation_probability_max': [5, 3, 0, 8, 15, 8, 8], 'wind_speed_10m_max': [18.7, 20.1, 20.0, 15.6, 18.3, 11.9, 20.4], 'wind_gusts_10m_max': [40.3, 42.1, 41.4, 32.8, 38.2, 22.7, 41.4], 'weather_code': [3, 3, 1, 3, 3, 3, 2]}}"
El Jadid,33.2566,-8.5025,Morocco,MA,Casablanca-Settat,,237464,237464,33.2566,-8.5025,"{'latitude': 33.25, 'longitude': -8.4375, 'generationtime_ms': 0.323176383972167, 'utc_offset_seconds': 0, 'timezone': 'GMT', 'timezone_abbreviation': 'GMT', 'elevation': 8.0, 'daily_units': {'time': 'iso8601', 'temperature_2m_max': '°C', 'temperature_2m_min': '°C', 'precipitation_sum': 'mm', 'precipitation_probability_max': '%', 'wind_speed_10m_max': 'km/h', 'wind_gusts_10m_max': 'km/h', 'weather_code': 'wmo code'}, 'daily': {'time': ['2026-09-14', '2026-09-15', '2026-09-16', '2026-09-17', '2026-09-18', '2026-09-19', '2026-09-20'], 'temperature_2m_max': [29.8, 26.6, 25.0, 25.1, 24.4, 27.0, 29.2], 'temperature_2m_min': [21.0, 21.5, 20.9, 19.5, 19.0, 20.5, 21.1], 'precipitation_sum': [0.0, 0.0, 0.0, 0.0, 0.0, 0.0, 0.0], 'precipitation_probability_max': [0, 0, 0, 0, 0, 2, 0], 'wind_speed_10m_max': [13.3, 16.6, 19.7, 15.2, 19.0, 18.4, 17.3], 'wind_gusts_10m_max': [24.1, 29.9, 35.6, 27.0, 35.3, 34.9, 32.8], 'weather_code': [1, 45, 2, 3, 45, 3, 45]}}"
El Kelaa des Srarhna,32.05,-7.4,Morocco,MA,Marrakech-Safi,,106418,106418,32.05,-7.4,"{'latitude': 32.0625, 'longitude': -7.375, 'generationtime_ms': 0.263571739196777, 'utc_offset_seconds': 0, 'timezone': 'GMT', 'timezone_abbreviation': 'GMT', 'elevation': 466.0, 'daily_units': {'time': 'iso8601', 'temperature_2m_max': '°C', 'temperature_2m_min': '°C', 'precipitation_sum': 'mm', 'precipitation_probability_max': '%', 'wind_speed_10m_max': 'km/h', 'wind_gusts_10m_max': 'km/h', 'weather_code': 'wmo code'}, 'daily': {'time': ['2026-09-14', '2026-09-15', '2026-09-16', '2026-09-17', '2026-09-18', '2026-09-19', '2026-09-20'], 'temperature_2m_max': [39.6, 37.7, 34.0, 30.1, 31.6, 35.1, 37.3], 'temperature_2m_min': [24.9, 24.2, 19.2, 17.0, 17.3, 18.5, 20.3], 'precipitation_sum': [0.0, 0.0, 0.0, 0.0, 0.0, 0.6000000000000001, 0.0], 'precipitation_probability_max': [3, 3, 0, 5, 15, 10, 10], 'wind_speed_10m_max': [19.9, 22.3, 19.2, 15.5, 13.5, 12.2, 12.5], 'wind_gusts_10m_max': [33.1, 38.2, 32.8, 26.6, 23.4, 31.7, 21.2], 'weather_code': [3, 3, 0, 2, 2, 80, 3]}}"
Errachidia,31.9319,-4.4244,Morocco,MA,Drâa-Tafilalet,admin,97687,97687,31.9319,-4.4244,"{'latitude': 31.9375, 'longitude': -4.4375, 'generationtime_ms': 0.20384788513183502, 'utc_offset_seconds': 0, 'timezone': 'GMT', 'timezone_abbreviation': 'GMT', 'elevation': 1033.0, 'daily_units': {'time': 'iso8601', 'temperature_2m_max': '°C', 'temperature_2m_min': '°C', 'precipitation_sum': 'mm', 'precipitation_probability_max': '%', 'wind_speed_10m_max': 'km/h', 'wind_gusts_10m_max': 'km/h', 'weather_code': 'wmo code'}, 'daily': {'time': ['2026-09-14', '2026-09-15', '2026-09-16', '2026-09-17', '2026-09-18', '2026-09-19', '2026-09-20'], 'temperature_2m_max': [36.4, 33.5, 33.0, 32.8, 33.2, 31.1, 33.0], 'temperature_2m_min': [25.1, 24.6, 21.7, 21.1, 22.4, 22.4, 21.6], 'precipitation_sum': [0.0, 0.1, 0.0, 0.0, 0.0, 0.0, 0.0], 'precipitation_probability_max': [3, 15, 3, 28, 38, 30, 10], 'wind_speed_10m_max': [21.4, 10.2, 21.7, 14.3, 11.2, 17.7, 10.7], 'wind_gusts_10m_max': [42.1, 23.8, 43.2, 42.5, 24.5, 30.2, 21.2], 'weather_code': [3, 3, 1, 3, 3, 3, 1]}}"
Essaouira,31.513,-9.7687,Morocco,MA,Marrakech-Safi,,82962,82962,31.513,-9.7687,"{'latitude': 31.5, 'longitude': -9.75, 'generationtime_ms': 0.353336334228515, 'utc_offset_seconds': 0, 'timezone': 'GMT', 'timezone_abbreviation': 'GMT', 'elevation': 12.0, 'daily_units': {'time': 'iso8601', 'temperature_2m_max': '°C', 'temperature_2m_min': '°C', 'precipitation_sum': 'mm', 'precipitation_probability_max': '%', 'wind_speed_10m_max': 'km/h', 'wind_gusts_10m_max': 'km/h', 'weather_code': 'wmo code'}, 'daily': {'time': ['2026-09-14', '2026-09-15', '2026-09-16', '2026-09-17', '2026-09-18', '2026-09-19', '2026-09-20'], 'temperature_2m_max': [33.1, 27.3, 24.2, 24.0, 23.5, 30.6, 37.7], 'temperature_2m_min': [22.6, 21.3, 19.4, 18.6, 18.5, 18.4, 24.7], 'precipitation_sum': [0.0, 0.0, 0.0, 0.0, 0.0, 0.0, 0.0], 'precipitation_probability_max': [0, 0, 0, 0, 5, 5, 0], 'wind_speed_10m_max': [15.9, 25.1, 36.0, 27.7, 30.1, 18.8, 14.2], 'wind_gusts_10m_max': [29.9, 46.8, 66.2, 50.4, 54.7, 34.9, 30.2], 'weather_code': [2, 2, 1, 1, 1, 3, 2]}}"
Fnidq,35.8414,-5.3587,Morocco,MA,Tanger-Tétouan-Al Hoceïma,,77250,77250,35.8414,-5.3587,"{'latitude': 35.8125, 'longitude': -5.375, 'generationtime_ms': 0.836610794067382, 'utc_offset_seconds': 0, 'timezone': 'GMT', 'timezone_abbreviation': 'GMT', 'elevation': 17.0, 'daily_units': {'time': 'iso8601', 'temperature_2m_max': '°C', 'temperature_2m_min': '°C', 'precipitation_sum': 'mm', 'precipitation_probability_max': '%', 'wind_speed_10m_max': 'km/h', 'wind_gusts_10m_max': 'km/h', 'weather_code': 'wmo code'}, 'daily': {'time': ['2026-09-14', '2026-09-15', '2026-09-16', '2026-09-17', '2026-09-18', '2026-09-19', '2026-09-20'], 'temperature_2m_max': [25.9, 26.1, 30.3, 27.4, 24.9, 25.7, 25.4], 'temperature_2m_min': [22.2, 19.9, 18.7, 19.4, 20.1, 21.9, 22.5], 'precipitation_sum': [0.0, 0.0, 0.0, 0.0, 0.0, 0.0, 0.0], 'precipitation_probability_max': [0, 0, 0, 3, 13, 18, 5], 'wind_speed_10m_max': [24.6, 14.1, 28.5, 15.6, 17.6, 23.1, 22.0], 'wind_gusts_10m_max': [47.5, 28.8, 53.6, 31.7, 33.8, 40.0, 39.6], 'weather_code': [3, 2, 3, 3, 45, 3, 3]}}"
Fès,34.0433,-5.0033,Morocco,MA,Fès-Meknès,admin,1167842,1167842,34.0433,-5.0033,"{'latitude': 34.0625, 'longitude': -5.0, 'generationtime_ms': 0.32913684844970703, 'utc_offset_seconds': 0, 'timezone': 'GMT', 'timezone_abbreviation': 'GMT', 'elevation': 389.0, 'daily_units': {'time': 'iso8601', 'temperature_2m_max': '°C', 'temperature_2m_min': '°C', 'precipitation_sum': 'mm', 'precipitation_probability_max': '%', 'wind_speed_10m_max': 'km/h', 'wind_gusts_10m_max': 'km/h', 'weather_code': 'wmo code'}, 'daily': {'time': ['2026-09-14', '2026-09-15', '2026-09-16', '2026-09-17', '2026-09-18', '2026-09-19', '2026-09-20'], 'temperature_2m_max': [38.1, 35.2, 31.3, 27.7, 32.0, 37.4, 38.9], 'temperature_2m_min': [23.5, 23.9, 20.5, 18.7, 18.0, 21.2, 23.5], 'precipitation_sum': [0.0, 0.0, 0.0, 0.0, 0.0, 0.0, 0.0], 'precipitation_probability_max': [0, 0, 0, 3, 13, 5, 5], 'wind_speed_10m_max': [10.8, 15.1, 16.8, 12.2, 9.7, 9.8, 17.2], 'wind_gusts_10m_max': [28.8, 38.2, 40.3, 33.5, 27.0, 26.7, 41.0], 'weather_code': [3, 3, 2, 3, 3, 3, 2]}}"
Guelmim,28.9833,-10.0667,Morocco,MA,Guelmim-Oued Noun,admin,126729,126729,28.9833,-10.0667,"{'latitude': 28.998241, 'longitude': -10.114685, 'generationtime_ms': 0.16081333160400302, 'utc_offset_seconds': 0, 'timezone': 'GMT', 'timezone_abbreviation': 'GMT', 'elevation': 281.0, 'daily_units': {'time': 'iso8601', 'temperature_2m_max': '°C', 'temperature_2m_min': '°C', 'precipitation_sum': 'mm', 'precipitation_probability_max': '%', 'wind_speed_10m_max': 'km/h', 'wind_gusts_10m_max': 'km/h', 'weather_code': 'wmo code'}, 'daily': {'time': ['2026-09-14', '2026-09-15', '2026-09-16', '2026-09-17', '2026-09-18', '2026-09-19', '2026-09-20'], 'temperature_2m_max': [38.5, 37.7, 37.4, 24.8, 27.3, 30.7, 36.7], 'temperature_2m_min': [26.8, 24.4, 19.9, 18.6, 18.7, 18.9, 20.7], 'precipitation_sum': [0.30000000000000004, 0.0, 0.0, 0.0, 0.0, 0.0, 0.0], 'precipitation_probability_max': [41, 4, 0, 0, 0, 2, 2], 'wind_speed_10m_max': [21.8, 21.7, 33.4, 26.2, 22.4, 23.7, 20.9], 'wind_gusts_10m_max': [40.0, 36.7, 54.7, 44.3, 40.3, 43.2, 37.1], 'weather_code': [51, 0, 0, 3, 3, 3, 0]}}"
Guercif,34.23,-3.36,Morocco,MA,Oriental,,80703,80703,34.23,-3.36,"{'latitude': 34.25, 'longitude': -3.375, 'generationtime_ms': 51.35190486907959, 'utc_offset_seconds': 0, 'timezone': 'GMT', 'timezone_abbreviation': 'GMT', 'elevation': 371.0, 'daily_units': {'time': 'iso8601', 'temperature_2m_max': '°C', 'temperature_2m_min': '°C', 'precipitation_sum': 'mm', 'precipitation_probability_max': '%', 'wind_speed_10m_max': 'km/h', 'wind_gusts_10m_max': 'km/h', 'weather_code': 'wmo code'}, 'daily': {'time': ['2026-09-14', '2026-09-15', '2026-09-16', '2026-09-17', '2026-09-18', '2026-09-19', '2026-09-20'], 'temperature_2m_max': [32.2, 33.3, 34.3, 31.2, 30.2, 32.0, 33.0], 'temperature_2m_min': [19.5, 18.8, 18.5, 20.0, 18.2, 19.7, 20.5], 'precipitation_sum': [0.0, 0.0, 0.0, 0.0, 0.0, 0.0, 0.0], 'precipitation_probability_max': [0, 0, 3, 10, 15, 10, 10], 'wind_speed_10m_max': [24.4, 23.0, 25.6, 26.5, 27.8, 27.0, 26.5], 'wind_gusts_10m_max': [45.7, 42.1, 47.5, 48.6, 52.6, 45.7, 46.8], 'weather_code': [1, 3, 2, 3, 3, 3, 2]}}"
Imi-n-Tanout,31.177,-8.8504,Morocco,MA,Marrakech-Safi,,25049,25049,31.177,-8.8504,"{'latitude': 31.1875, 'longitude': -8.875, 'generationtime_ms': 0.276446342468261, 'utc_offset_seconds': 0, 'timezone': 'GMT', 'timezone_abbreviation': 'GMT', 'elevation': 863.0, 'daily_units': {'time': 'iso8601', 'temperature_2m_max': '°C', 'temperature_2m_min': '°C', 'precipitation_sum': 'mm', 'precipitation_probability_max': '%', 'wind_speed_10m_max': 'km/h', 'wind_gusts_10m_max': 'km/h', 'weather_code': 'wmo code'}, 'daily': {'time': ['2026-09-14', '2026-09-15', '2026-09-16', '2026-09-17', '2026-09-18', '2026-09-19', '2026-09-20'], 'temperature_2m_max': [35.2, 34.3, 30.3, 25.6, 26.9, 31.5, 33.3], 'temperature_2m_min': [25.1, 23.4, 18.8, 16.4, 15.6, 18.5, 21.8], 'precipitation_sum': [0.0, 0.0, 0.0, 0.0, 0.0, 2.1, 0.30000000000000004], 'precipitation_probability_max': [5, 3, 0, 0, 8, 18, 18], 'wind_speed_10m_max': [25.6, 24.8, 25.0, 17.4, 18.4, 11.6, 12.2], 'wind_gusts_10m_max': [43.2, 43.2, 43.6, 30.6, 32.4, 24.5, 25.9], 'weather_code': [3, 2, 1, 45, 2, 3, 3]}}"
Imzouren,35.1464,-3.8506,Morocco,MA,Tanger-Tétouan-Al Hoceïma,,34848,34848,35.1464,-3.8506,"{'latitude': 35.125, 'longitude': -3.875, 'generationtime_ms': 0.9193420410156251, 'utc_offset_seconds': 0, 'timezone': 'GMT', 'timezone_abbreviation': 'GMT', 'elevation': 79.0, 'daily_units': {'time': 'iso8601', 'temperature_2m_max': '°C', 'temperature_2m_min': '°C', 'precipitation_sum': 'mm', 'precipitation_probability_max': '%', 'wind_speed_10m_max': 'km/h', 'wind_gusts_10m_max': 'km/h', 'weather_code': 'wmo code'}, 'daily': {'time': ['2026-09-14', '2026-09-15', '2026-09-16', '2026-09-17', '2026-09-18', '2026-09-19', '2026-09-20'], 'temperature_2m_max': [29.3, 26.5, 29.0, 25.9, 26.3, 30.2, 30.7], 'temperature_2m_min': [19.3, 19.1, 19.9, 19.6, 18.7, 19.3, 20.9], 'precipitation_sum': [0.0, 0.0, 0.0, 0.0, 0.0, 0.0, 0.0], 'precipitation_probability_max': [0, 0, 5, 8, 8, 0, 0], 'wind_speed_10m_max': [14.1, 12.3, 11.8, 14.4, 16.2, 12.0, 11.7], 'wind_gusts_10m_max': [25.9, 22.3, 21.6, 26.6, 30.2, 23.4, 23.4], 'weather_code': [0, 3, 1, 3, 3, 3, 3]}}"
Inezgane,30.3658,-9.5381,Morocco,MA,Souss-Massa,,137512,137512,30.3658,-9.5381,"{'latitude': 30.375, 'longitude': -9.5625, 'generationtime_ms': 0.246286392211914, 'utc_offset_seconds': 0, 'timezone': 'GMT', 'timezone_abbreviation': 'GMT', 'elevation': 14.0, 'daily_units': {'time': 'iso8601', 'temperature_2m_max': '°C', 'temperature_2m_min': '°C', 'precipitation_sum': 'mm', 'precipitation_probability_max': '%', 'wind_speed_10m_max': 'km/h', 'wind_gusts_10m_max': 'km/h', 'weather_code': 'wmo code'}, 'daily': {'time': ['2026-09-14', '2026-09-15', '2026-09-16', '2026-09-17', '2026-09-18', '2026-09-19', '2026-09-20'], 'temperature_2m_max': [38.4, 32.0, 31.6, 26.1, 25.1, 38.0, 40.4], 'temperature_2m_min': [25.5, 23.8, 21.7, 20.4, 19.5, 20.3, 25.5], 'precipitation_sum': [0.0, 0.30000000000000004, 0.0, 0.0, 0.0, 0.0, 0.0], 'precipitation_probability_max': [3, 3, 0, 0, 5, 5, 0], 'wind_speed_10m_max': [12.0, 11.9, 15.5, 14.4, 14.4, 16.3, 16.9], 'wind_gusts_10m_max': [35.3, 32.4, 41.0, 37.8, 39.2, 40.0, 38.5], 'weather_code': [3, 3, 0, 2, 2, 3, 1]}}"
Jerada,34.31,-2.16,Morocco,MA,Oriental,,41014,41014,34.31,-2.16,"{'latitude': 34.3125, 'longitude': -2.1875, 'generationtime_ms': 0.8375644683837891, 'utc_offset_seconds': 0, 'timezone': 'GMT', 'timezone_abbreviation': 'GMT', 'elevation': 1050.0, 'daily_units': {'time': 'iso8601', 'temperature_2m_max': '°C', 'temperature_2m_min': '°C', 'precipitation_sum': 'mm', 'precipitation_probability_max': '%', 'wind_speed_10m_max': 'km/h', 'wind_gusts_10m_max': 'km/h', 'weather_code': 'wmo code'}, 'daily': {'time': ['2026-09-14', '2026-09-15', '2026-09-16', '2026-09-17', '2026-09-18', '2026-09-19', '2026-09-20'], 'temperature_2m_max': [30.9, 30.9, 28.9, 26.8, 27.1, 33.2, 32.4], 'temperature_2m_min': [18.2, 19.6, 19.0, 17.2, 14.9, 14.9, 17.3], 'precipitation_sum': [0.0, 0.0, 0.0, 0.0, 0.0, 0.0, 0.0], 'precipitation_probability_max': [0, 0, 3, 13, 28, 10, 10], 'wind_speed_10m_max': [16.6, 18.2, 22.9, 13.9, 18.7, 16.8, 17.1], 'wind_gusts_10m_max': [33.1, 34.2, 43.2, 35.6, 49.3, 37.1, 33.8], 'weather_code': [1, 3, 1, 3, 3, 3, 3]}}"
Kenitra,34.25,-6.5833,Morocco,MA,Rabat-Salé-Kénitra,,507736,507736,34.25,-6.5833,"{'latitude': 34.25, 'longitude': -6.5625, 'generationtime_ms': 0.48005580902099604, 'utc_offset_seconds': 0, 'timezone': 'GMT', 'timezone_abbreviation': 'GMT', 'elevation': 18.0, 'daily_units': {'time': 'iso8601', 'temperature_2m_max': '°C', 'temperature_2m_min': '°C', 'precipitation_sum': 'mm', 'precipitation_probability_max': '%', 'wind_speed_10m_max': 'km/h', 'wind_gusts_10m_max': 'km/h', 'weather_code': 'wmo code'}, 'daily': {'time': ['2026-09-14', '2026-09-15', '2026-09-16', '2026-09-17', '2026-09-18', '2026-09-19', '2026-09-20'], 'temperature_2m_max': [35.0, 28.6, 26.5, 26.5, 28.2, 29.1, 33.7], 'temperature_2m_min': [22.5, 21.1, 20.7, 18.3, 17.2, 17.0, 19.9], 'precipitation_sum': [0.0, 0.0, 0.0, 0.0, 0.0, 0.0, 0.0], 'precipitation_probability_max': [0, 0, 0, 3, 3, 0, 0], 'wind_speed_10m_max': [11.9, 13.9, 16.5, 12.3, 15.5, 13.7, 16.1], 'wind_gusts_10m_max': [29.9, 34.2, 40.0, 33.1, 38.9, 32.4, 36.0], 'weather_code': [0, 45, 2, 3, 45, 3, 0]}}"
Khénifra,32.93,-5.66,Morocco,MA,Béni Mellal-Khénifra,,123738,123738,32.93,-5.66,"{'latitude': 32.9375, 'longitude': -5.6875, 'generationtime_ms': 0.27048587799072205, 'utc_offset_seconds': 0, 'timezone': 'GMT', 'timezone_abbreviation': 'GMT', 'elevation': 846.0, 'daily_units': {'time': 'iso8601', 'temperature_2m_max': '°C', 'temperature_2m_min': '°C', 'precipitation_sum': 'mm', 'precipitation_probability_max': '%', 'wind_speed_10m_max': 'km/h', 'wind_gusts_10m_max': 'km/h', 'weather_code': 'wmo code'}, 'daily': {'time': ['2026-09-14', '2026-09-15', '2026-09-16', '2026-09-17', '2026-09-18', '2026-09-19', '2026-09-20'], 'temperature_2m_max': [37.0, 34.9, 31.6, 30.4, 32.7, 33.8, 36.2], 'temperature_2m_min': [19.8, 19.7, 16.3, 16.1, 14.7, 19.9, 20.3], 'precipitation_sum': [0.0, 0.0, 0.0, 0.0, 0.0, 0.0, 0.0], 'precipitation_probability_max': [3, 3, 0, 13, 20, 13, 13], 'wind_speed_10m_max': [15.6, 20.9, 19.2, 18.5, 20.9, 13.2, 10.2], 'wind_gusts_10m_max': [51.5, 38.5, 34.9, 33.5, 40.0, 27.7, 23.0], 'weather_code': [3, 3, 2, 3, 3, 3, 2]}}"
Kouribga,32.88,-6.9,Morocco,MA,Béni Mellal-Khénifra,,191807,191807,32.88,-6.9,"{'latitude': 32.875, 'longitude': -6.875, 'generationtime_ms': 0.22852420806884702, 'utc_offset_seconds': 0, 'timezone': 'GMT', 'timezone_abbreviation': 'GMT', 'elevation': 798.0, 'daily_units': {'time': 'iso8601', 'temperature_2m_max': '°C', 'temperature_2m_min': '°C', 'precipitation_sum': 'mm', 'precipitation_probability_max': '%', 'wind_speed_10m_max': 'km/h', 'wind_gusts_10m_max': 'km/h', 'weather_code': 'wmo code'}, 'daily': {'time': ['2026-09-14', '2026-09-15', '2026-09-16', '2026-09-17', '2026-09-18', '2026-09-19', '2026-09-20'], 'temperature_2m_max': [37.5, 34.8, 31.6, 28.3, 29.9, 33.4, 35.8], 'temperature_2m_min': [22.1, 21.0, 17.3, 13.7, 14.3, 17.4, 19.1], 'precipitation_sum': [0.0, 0.0, 0.0, 0.0, 0.0, 0.30000000000000004, 0.0], 'precipitation_probability_max': [5, 0, 0, 0, 13, 8, 8], 'wind_speed_10m_max': [27.2, 25.2, 21.6, 18.4, 17.4, 11.6, 22.3], 'wind_gusts_10m_max': [52.9, 48.6, 41.4, 35.6, 35.6, 32.0, 43.9], 'weather_code': [2, 2, 0, 45, 2, 3, 1]}}"
Ksar El Kebir,35.0,-5.9,Morocco,MA,Tanger-Tétouan-Al Hoceïma,,124701,124701,35.0,-5.9,"{'latitude': 35.0, 'longitude': -5.875, 'generationtime_ms': 0.25033950805664, 'utc_offset_seconds': 0, 'timezone': 'GMT', 'timezone_abbreviation': 'GMT', 'elevation': 25.0, 'daily_units': {'time': 'iso8601', 'temperature_2m_max': '°C', 'temperature_2m_min': '°C', 'precipitation_sum': 'mm', 'precipitation_probability_max': '%', 'wind_speed_10m_max': 'km/h', 'wind_gusts_10m_max': 'km/h', 'weather_code': 'wmo code'}, 'daily': {'time': ['2026-09-14', '2026-09-15', '2026-09-16', '2026-09-17', '2026-09-18', '2026-09-19', '2026-09-20'], 'temperature_2m_max': [39.0, 35.4, 29.9, 27.5, 30.9, 36.5, 39.6], 'temperature_2m_min': [24.4, 20.8, 20.7, 19.9, 16.4, 18.4, 21.8], 'precipitation_sum': [0.0, 0.0, 0.0, 0.0, 0.0, 0.0, 0.0], 'precipitation_probability_max': [0, 0, 0, 0, 3, 3, 3], 'wind_speed_10m_max': [17.1, 22.7, 15.9, 11.2, 18.1, 18.7, 14.0], 'wind_gusts_10m_max': [32.8, 46.1, 31.0, 21.2, 34.6, 35.6, 31.7], 'weather_code': [0, 0, 2, 3, 45, 2, 0]}}"
Larache,35.1833,-6.15,Morocco,MA,Tanger-Tétouan-Al Hoceïma,,133731,133731,35.1833,-6.15,"{'latitude': 35.1875, 'longitude': -6.125, 'generationtime_ms': 0.31650066375732405, 'utc_offset_seconds': 0, 'timezone': 'GMT', 'timezone_abbreviation': 'GMT', 'elevation': 48.0, 'daily_units': {'time': 'iso8601', 'temperature_2m_max': '°C', 'temperature_2m_min': '°C', 'precipitation_sum': 'mm', 'precipitation_probability_max': '%', 'wind_speed_10m_max': 'km/h', 'wind_gusts_10m_max': 'km/h', 'weather_code': 'wmo code'}, 'daily': {'time': ['2026-09-14', '2026-09-15', '2026-09-16', '2026-09-17', '2026-09-18', '2026-09-19', '2026-09-20'], 'temperature_2m_max': [35.9, 29.8, 26.7, 26.1, 27.4, 30.6, 36.0], 'temperature_2m_min': [21.5, 19.5, 18.7, 18.6, 15.3, 18.5, 20.0], 'precipitation_sum': [0.0, 0.0, 0.0, 0.0, 0.0, 0.0, 0.0], 'precipitation_probability_max': [0, 0, 0, 0, 0, 3, 3], 'wind_speed_10m_max': [13.1, 25.3, 18.1, 14.4, 16.8, 14.8, 18.2], 'wind_gusts_10m_max': [24.8, 48.6, 33.8, 27.4, 33.1, 28.1, 33.8], 'weather_code': [0, 0, 3, 45, 45, 2, 2]}}"
Laâyoune,27.15,-13.2,Morocco,MA,Laâyoune-Sakia El Hamra,,262791,262791,27.15,-13.2,"{'latitude': 27.170473, 'longitude': -13.229401, 'generationtime_ms': 0.174760818481445, 'utc_offset_seconds': 0, 'timezone': 'GMT', 'timezone_abbreviation': 'GMT', 'elevation': 70.0, 'daily_units': {'time': 'iso8601', 'temperature_2m_max': '°C', 'temperature_2m_min': '°C', 'precipitation_sum': 'mm', 'precipitation_probability_max': '%', 'wind_speed_10m_max': 'km/h', 'wind_gusts_10m_max': 'km/h', 'weather_code': 'wmo code'}, 'daily': {'time': ['2026-09-14', '2026-09-15', '2026-09-16', '2026-09-17', '2026-09-18', '2026-09-19', '2026-09-20'], 'temperature_2m_max': [41.1, 40.2, 36.0, 28.8, 28.0, 29.0, 32.4], 'temperature_2m_min': [25.7, 25.9, 22.0, 21.5, 19.0, 18.3, 18.6], 'precipitation_sum': [0.2, 0.0, 0.0, 0.0, 0.0, 0.0, 0.0], 'precipitation_probability_max': [12, 0, 0, 0, 6, 0, 0], 'wind_speed_10m_max': [31.1, 27.8, 28.8, 28.5, 26.1, 20.8, 22.1], 'wind_gusts_10m_max': [57.2, 53.6, 55.4, 54.7, 51.8, 43.2, 47.2], 'weather_code': [51, 1, 0, 3, 2, 3, 0]}}"
Lqoliaa,30.2942,-9.4544,Morocco,MA,Souss-Massa,,107133,107133,30.2942,-9.4544,"{'latitude': 30.3125, 'longitude': -9.4375, 'generationtime_ms': 0.32734870910644503, 'utc_offset_seconds': 0, 'timezone': 'GMT', 'timezone_abbreviation': 'GMT', 'elevation': 61.0, 'daily_units': {'time': 'iso8601', 'temperature_2m_max': '°C', 'temperature_2m_min': '°C', 'precipitation_sum': 'mm', 'precipitation_probability_max': '%', 'wind_speed_10m_max': 'km/h', 'wind_gusts_10m_max': 'km/h', 'weather_code': 'wmo code'}, 'daily': {'time': ['2026-09-14', '2026-09-15', '2026-09-16', '2026-09-17', '2026-09-18', '2026-09-19', '2026-09-20'], 'temperature_2m_max': [40.4, 35.8, 30.9, 27.2, 27.3, 33.8, 38.5], 'temperature_2m_min': [25.1, 24.9, 21.4, 20.5, 19.5, 19.8, 23.8], 'precipitation_sum': [0.0, 0.30000000000000004, 0.0, 0.0, 0.0, 0.0, 0.0], 'precipitation_probability_max': [5, 5, 0, 3, 6, 5, 0], 'wind_speed_10m_max': [20.3, 19.1, 24.3, 18.4, 19.4, 16.2, 21.6], 'wind_gusts_10m_max': [42.8, 40.3, 49.3, 39.6, 41.8, 34.9, 45.4], 'weather_code': [3, 3, 1, 2, 3, 3, 1]}}"
Marrakech,31.6295,-7.9811,Morocco,MA,Marrakech-Safi,admin,1085330,1002697,31.6295,-7.9811,"{'latitude': 31.625, 'longitude': -8.0, 'generationtime_ms': 0.232100486755371, 'utc_offset_seconds': 0, 'timezone': 'GMT', 'timezone_abbreviation': 'GMT', 'elevation': 469.0, 'daily_units': {'time': 'iso8601', 'temperature_2m_max': '°C', 'temperature_2m_min': '°C', 'precipitation_sum': 'mm', 'precipitation_probability_max': '%', 'wind_speed_10m_max': 'km/h', 'wind_gusts_10m_max': 'km/h', 'weather_code': 'wmo code'}, 'daily': {'time': ['2026-09-14', '2026-09-15', '2026-09-16', '2026-09-17', '2026-09-18', '2026-09-19', '2026-09-20'], 'temperature_2m_max': [39.8, 38.4, 34.6, 30.3, 31.7, 35.7, 37.9], 'temperature_2m_min': [23.2, 24.4, 20.3, 18.3, 18.2, 19.6, 20.3], 'precipitation_sum': [0.0, 0.0, 0.0, 0.0, 0.0, 0.30000000000000004, 0.0], 'precipitation_probability_max': [5, 5, 0, 0, 15, 18, 18], 'wind_speed_10m_max': [10.9, 14.8, 13.3, 8.8, 7.9, 12.9, 11.3], 'wind_gusts_10m_max': [31.7, 38.9, 35.6, 26.3, 25.2, 23.0, 23.0], 'weather_code': [3, 3, 0, 1, 1, 3, 2]}}"
Martil,35.61,-5.27,Morocco,MA,Tanger-Tétouan-Al Hoceïma,,95896,95896,35.61,-5.27,"{'latitude': 35.625, 'longitude': -5.3125, 'generationtime_ms': 0.344038009643554, 'utc_offset_seconds': 0, 'timezone': 'GMT', 'timezone_abbreviation': 'GMT', 'elevation': 2.0, 'daily_units': {'time': 'iso8601', 'temperature_2m_max': '°C', 'temperature_2m_min': '°C', 'precipitation_sum': 'mm', 'precipitation_probability_max': '%', 'wind_speed_10m_max': 'km/h', 'wind_gusts_10m_max': 'km/h', 'weather_code': 'wmo code'}, 'daily': {'time': ['2026-09-14', '2026-09-15', '2026-09-16', '2026-09-17', '2026-09-18', '2026-09-19', '2026-09-20'], 'temperature_2m_max': [25.6, 26.1, 32.0, 25.4, 24.9, 25.7, 25.5], 'temperature_2m_min': [22.1, 21.0, 19.3, 19.5, 18.6, 21.8, 22.6], 'precipitation_sum': [0.0, 0.0, 0.0, 0.0, 0.0, 0.0, 0.0], 'precipitation_probability_max': [0, 0, 0, 3, 13, 18, 5], 'wind_speed_10m_max': [19.1, 11.3, 16.6, 16.1, 18.1, 23.1, 22.0], 'wind_gusts_10m_max': [41.4, 27.0, 41.0, 36.7, 38.9, 40.0, 39.6], 'weather_code': [2, 2, 1, 3, 3, 3, 3]}}"
Mechraa Bel Ksiri,34.56,-5.95,Morocco,MA,Rabat-Salé-Kénitra,,32615,32615,34.56,-5.95,"{'latitude': 34.5625, 'longitude': -5.9375, 'generationtime_ms': 0.278830528259277, 'utc_offset_seconds': 0, 'timezone': 'GMT', 'timezone_abbreviation': 'GMT', 'elevation': 17.0, 'daily_units': {'time': 'iso8601', 'temperature_2m_max': '°C', 'temperature_2m_min': '°C', 'precipitation_sum': 'mm', 'precipitation_probability_max': '%', 'wind_speed_10m_max': 'km/h', 'wind_gusts_10m_max': 'km/h', 'weather_code': 'wmo code'}, 'daily': {'time': ['2026-09-14', '2026-09-15', '2026-09-16', '2026-09-17', '2026-09-18', '2026-09-19', '2026-09-20'], 'temperature_2m_max': [39.4, 34.6, 29.6, 27.7, 31.8, 36.2, 40.6], 'temperature_2m_min': [23.4, 20.6, 19.8, 19.0, 16.2, 18.7, 20.9], 'precipitation_sum': [0.0, 0.0, 0.0, 0.0, 0.0, 0.0, 0.0], 'precipitation_probability_max': [0, 0, 0, 0, 3, 0, 0], 'wind_speed_10m_max': [17.4, 19.5, 18.6, 12.4, 15.4, 19.6, 15.3], 'wind_gusts_10m_max': [32.8, 37.1, 34.2, 23.8, 34.6, 36.4, 34.9], 'weather_code': [0, 0, 2, 3, 45, 3, 1]}}"
Mediouna,33.4556,-7.5208,Morocco,MA,Casablanca-Settat,,34510,34510,33.4556,-7.5208,"{'latitude': 33.4375, 'longitude': -7.5, 'generationtime_ms': 0.305533409118652, 'utc_offset_seconds': 0, 'timezone': 'GMT', 'timezone_abbreviation': 'GMT', 'elevation': 180.0, 'daily_units': {'time': 'iso8601', 'temperature_2m_max': '°C', 'temperature_2m_min': '°C', 'precipitation_sum': 'mm', 'precipitation_probability_max': '%', 'wind_speed_10m_max': 'km/h', 'wind_gusts_10m_max': 'km/h', 'weather_code': 'wmo code'}, 'daily': {'time': ['2026-09-14', '2026-09-15', '2026-09-16', '2026-09-17', '2026-09-18', '2026-09-19', '2026-09-20'], 'temperature_2m_max': [38.5, 32.6, 27.8, 27.1, 27.8, 27.6, 30.7], 'temperature_2m_min': [23.9, 20.3, 19.2, 18.2, 16.2, 18.4, 20.1], 'precipitation_sum': [0.0, 0.0, 0.0, 0.0, 0.0, 0.0, 0.0], 'precipitation_probability_max': [0, 0, 0, 3, 3, 5, 5], 'wind_speed_10m_max': [19.0, 19.0, 19.8, 15.0, 20.2, 13.1, 13.3], 'wind_gusts_10m_max': [33.8, 33.8, 35.3, 28.4, 37.4, 34.9, 35.3], 'weather_code': [2, 45, 45, 3, 45, 45, 45]}}"
Mehdya,34.2557,-6.6745,Morocco,MA,Rabat-Salé-Kénitra,,58558,58558,34.2557,-6.6745,"{'latitude': 34.25, 'longitude': -6.625, 'generationtime_ms': 0.271320343017578, 'utc_offset_seconds': 0, 'timezone': 'GMT', 'timezone_abbreviation': 'GMT', 'elevation': 16.0, 'daily_units': {'time': 'iso8601', 'temperature_2m_max': '°C', 'temperature_2m_min': '°C', 'precipitation_sum': 'mm', 'precipitation_probability_max': '%', 'wind_speed_10m_max': 'km/h', 'wind_gusts_10m_max': 'km/h', 'weather_code': 'wmo code'}, 'daily': {'time': ['2026-09-14', '2026-09-15', '2026-09-16', '2026-09-17', '2026-09-18', '2026-09-19', '2026-09-20'], 'temperature_2m_max': [33.3, 27.4, 26.2, 26.2, 27.4, 29.1, 33.7], 'temperature_2m_min': [22.1, 21.1, 20.8, 18.5, 17.5, 17.1, 19.9], 'precipitation_sum': [0.0, 0.0, 0.0, 0.0, 0.0, 0.0, 0.0], 'precipitation_probability_max': [0, 0, 0, 3, 3, 0, 0], 'wind_speed_10m_max': [10.0, 13.5, 17.3, 12.7, 16.6, 13.7, 16.1], 'wind_gusts_10m_max': [24.5, 30.2, 37.4, 29.9, 36.4, 32.4, 36.0], 'weather_code': [1, 45, 2, 3, 45, 3, 0]}}"
Meknès,33.8833,-5.55,Morocco,MA,Fès-Meknès,,601000,601000,33.8833,-5.55,"{'latitude': 33.875, 'longitude': -5.5625, 'generationtime_ms': 0.240564346313476, 'utc_offset_seconds': 0, 'timezone': 'GMT', 'timezone_abbreviation': 'GMT', 'elevation': 542.0, 'daily_units': {'time': 'iso8601', 'temperature_2m_max': '°C', 'temperature_2m_min': '°C', 'precipitation_sum': 'mm', 'precipitation_probability_max': '%', 'wind_speed_10m_max': 'km/h', 'wind_gusts_10m_max': 'km/h', 'weather_code': 'wmo code'}, 'daily': {'time': ['2026-09-14', '2026-09-15', '2026-09-16', '2026-09-17', '2026-09-18', '2026-09-19', '2026-09-20'], 'temperature_2m_max': [37.3, 34.2, 30.3, 26.3, 30.2, 34.9, 37.3], 'temperature_2m_min': [23.1, 21.3, 18.6, 17.4, 15.6, 19.0, 22.0], 'precipitation_sum': [0.0, 0.0, 0.0, 0.0, 0.0, 0.6000000000000001, 0.0], 'precipitation_probability_max': [0, 0, 0, 3, 5, 5, 5], 'wind_speed_10m_max': [16.1, 16.1, 16.8, 12.8, 11.9, 7.8, 15.5], 'wind_gusts_10m_max': [39.6, 40.7, 42.1, 33.8, 31.3, 28.1, 36.4], 'weather_code': [3, 3, 2, 3, 2, 80, 2]}}"
Midalt,32.68,-4.74,Morocco,MA,Drâa-Tafilalet,,62648,62648,32.68,-4.74,"{'latitude': 32.6875, 'longitude': -4.75, 'generationtime_ms': 0.7888078689575191, 'utc_offset_seconds': 0, 'timezone': 'GMT', 'timezone_abbreviation': 'GMT', 'elevation': 1466.0, 'daily_units': {'time': 'iso8601', 'temperature_2m_max': '°C', 'temperature_2m_min': '°C', 'precipitation_sum': 'mm', 'precipitation_probability_max': '%', 'wind_speed_10m_max': 'km/h', 'wind_gusts_10m_max': 'km/h', 'weather_code': 'wmo code'}, 'daily': {'time': ['2026-09-14', '2026-09-15', '2026-09-16', '2026-09-17', '2026-09-18', '2026-09-19', '2026-09-20'], 'temperature_2m_max': [30.5, 30.1, 26.9, 28.2, 26.9, 28.9, 30.4], 'temperature_2m_min': [17.0, 17.0, 17.2, 14.5, 13.4, 14.8, 13.7], 'precipitation_sum': [0.0, 0.1, 0.0, 0.0, 0.0, 0.0, 0.0], 'precipitation_probability_max': [18, 5, 0, 33, 25, 10, 5], 'wind_speed_10m_max': [29.2, 20.3, 25.3, 27.3, 19.6, 21.6, 15.8], 'wind_gusts_10m_max': [51.1, 36.0, 46.1, 48.6, 35.6, 33.8, 26.3], 'weather_code': [3, 3, 2, 3, 3, 45, 3]}}"
Missour,33.05,-3.9908,Morocco,MA,Fès-Meknès,,28408,28408,33.05,-3.9908,"{'latitude': 33.0625, 'longitude': -4.0, 'generationtime_ms': 0.24020671844482402, 'utc_offset_seconds': 0, 'timezone': 'GMT', 'timezone_abbreviation': 'GMT', 'elevation': 887.0, 'daily_units': {'time': 'iso8601', 'temperature_2m_max': '°C', 'temperature_2m_min': '°C', 'precipitation_sum': 'mm', 'precipitation_probability_max': '%', 'wind_speed_10m_max': 'km/h', 'wind_gusts_10m_max': 'km/h', 'weather_code': 'wmo code'}, 'daily': {'time': ['2026-09-14', '2026-09-15', '2026-09-16', '2026-09-17', '2026-09-18', '2026-09-19', '2026-09-20'], 'temperature_2m_max': [36.4, 35.5, 31.3, 33.2, 29.9, 33.1, 34.5], 'temperature_2m_min': [19.7, 19.7, 17.9, 17.9, 15.9, 17.6, 18.8], 'precipitation_sum': [0.0, 0.1, 0.0, 0.0, 0.0, 0.0, 0.0], 'precipitation_probability_max': [18, 18, 0, 28, 38, 18, 5], 'wind_speed_10m_max': [23.8, 22.8, 14.3, 33.4, 28.6, 13.8, 19.5], 'wind_gusts_10m_max': [44.6, 42.8, 22.7, 56.9, 45.4, 24.1, 29.2], 'weather_code': [3, 3, 2, 3, 3, 3, 2]}}"
Mohammedia,33.6833,-7.3833,Morocco,MA,Casablanca-Settat,,194358,194358,33.6833,-7.3833,"{'latitude': 33.6875, 'longitude': -7.375, 'generationtime_ms': 0.22566318511962802, 'utc_offset_seconds': 0, 'timezone': 'GMT', 'timezone_abbreviation': 'GMT', 'elevation': 26.0, 'daily_units': {'time': 'iso8601', 'temperature_2m_max': '°C', 'temperature_2m_min': '°C', 'precipitation_sum': 'mm', 'precipitation_probability_max': '%', 'wind_speed_10m_max': 'km/h', 'wind_gusts_10m_max': 'km/h', 'weather_code': 'wmo code'}, 'daily': {'time': ['2026-09-14', '2026-09-15', '2026-09-16', '2026-09-17', '2026-09-18', '2026-09-19', '2026-09-20'], 'temperature_2m_max': [31.3, 26.8, 25.3, 25.3, 25.0, 30.0, 33.6], 'temperature_2m_min': [22.4, 21.1, 20.7, 19.5, 17.1, 18.8, 21.2], 'precipitation_sum': [0.0, 0.0, 0.0, 0.0, 0.0, 0.0, 0.0], 'precipitation_probability_max': [0, 0, 0, 0, 3, 3, 0], 'wind_speed_10m_max': [11.3, 14.3, 16.7, 14.2, 15.9, 17.5, 19.1], 'wind_gusts_10m_max': [26.6, 33.1, 38.5, 33.5, 37.8, 32.8, 36.4], 'weather_code': [45, 45, 2, 3, 3, 45, 0]}}"
Moulay Abdallah,33.1978,-8.5883,Morocco,MA,Casablanca-Settat,,103993,103993,33.1978,-8.5883,"{'latitude': 33.1875, 'longitude': -8.5625, 'generationtime_ms': 0.25713443756103505, 'utc_offset_seconds': 0, 'timezone': 'GMT', 'timezone_abbreviation': 'GMT', 'elevation': 15.0, 'daily_units': {'time': 'iso8601', 'temperature_2m_max': '°C', 'temperature_2m_min': '°C', 'precipitation_sum': 'mm', 'precipitation_probability_max': '%', 'wind_speed_10m_max': 'km/h', 'wind_gusts_10m_max': 'km/h', 'weather_code': 'wmo code'}, 'daily': {'time': ['2026-09-14', '2026-09-15', '2026-09-16', '2026-09-17', '2026-09-18', '2026-09-19', '2026-09-20'], 'temperature_2m_max': [32.6, 28.3, 25.8, 25.7, 25.8, 27.6, 30.3], 'temperature_2m_min': [21.8, 21.6, 21.1, 19.2, 18.9, 20.4, 21.1], 'precipitation_sum': [0.0, 0.0, 0.0, 0.0, 0.0, 0.0, 0.0], 'precipitation_probability_max': [0, 0, 0, 0, 0, 2, 0], 'wind_speed_10m_max': [15.8, 19.9, 22.2, 17.0, 21.8, 19.6, 18.9], 'wind_gusts_10m_max': [24.8, 31.7, 35.6, 26.6, 35.6, 36.7, 35.3], 'weather_code': [2, 45, 2, 3, 45, 45, 45]}}"
Moulay Bousselham,34.8786,-6.2933,Morocco,MA,Rabat-Salé-Kénitra,,32643,32643,34.8786,-6.2933,"{'latitude': 34.875, 'longitude': -6.25, 'generationtime_ms': 1.468062400817871, 'utc_offset_seconds': 0, 'timezone': 'GMT', 'timezone_abbreviation': 'GMT', 'elevation': 44.0, 'daily_units': {'time': 'iso8601', 'temperature_2m_max': '°C', 'temperature_2m_min': '°C', 'precipitation_sum': 'mm', 'precipitation_probability_max': '%', 'wind_speed_10m_max': 'km/h', 'wind_gusts_10m_max': 'km/h', 'weather_code': 'wmo code'}, 'daily': {'time': ['2026-09-14', '2026-09-15', '2026-09-16', '2026-09-17', '2026-09-18', '2026-09-19', '2026-09-20'], 'temperature_2m_max': [33.6, 27.6, 25.2, 24.8, 25.3, 30.7, 35.9], 'temperature_2m_min': [20.6, 19.1, 19.4, 18.4, 15.6, 17.4, 20.1], 'precipitation_sum': [0.0, 0.0, 0.0, 0.0, 0.0, 0.0, 0.0], 'precipitation_probability_max': [0, 0, 0, 0, 3, 3, 3], 'wind_speed_10m_max': [15.2, 28.0, 18.2, 12.9, 19.7, 18.6, 19.5], 'wind_gusts_10m_max': [25.6, 46.1, 30.2, 22.0, 32.8, 32.8, 35.3], 'weather_code': [0, 45, 45, 45, 45, 3, 0]}}"
Mrirt,33.1654,-5.5634,Morocco,MA,Béni Mellal-Khénifra,,46285,46285,33.1654,-5.5634,"{'latitude': 33.1875, 'longitude': -5.5625, 'generationtime_ms': 1.01780891418457, 'utc_offset_seconds': 0, 'timezone': 'GMT', 'timezone_abbreviation': 'GMT', 'elevation': 1114.0, 'daily_units': {'time': 'iso8601', 'temperature_2m_max': '°C', 'temperature_2m_min': '°C', 'precipitation_sum': 'mm', 'precipitation_probability_max': '%', 'wind_speed_10m_max': 'km/h', 'wind_gusts_10m_max': 'km/h', 'weather_code': 'wmo code'}, 'daily': {'time': ['2026-09-14', '2026-09-15', '2026-09-16', '2026-09-17', '2026-09-18', '2026-09-19', '2026-09-20'], 'temperature_2m_max': [35.4, 33.5, 30.0, 29.0, 29.9, 31.3, 33.7], 'temperature_2m_min': [20.7, 19.6, 15.0, 15.5, 13.5, 16.7, 16.7], 'precipitation_sum': [0.0, 0.30000000000000004, 0.0, 0.0, 0.0, 0.0, 0.0], 'precipitation_probability_max': [13, 3, 0, 20, 20, 8, 8], 'wind_speed_10m_max': [22.1, 21.8, 20.0, 17.8, 18.4, 19.1, 16.9], 'wind_gusts_10m_max': [46.8, 43.2, 41.0, 36.4, 36.7, 39.6, 33.5], 'weather_code': [3, 80, 1, 3, 3, 2, 3]}}"
My Drarga,30.3805,-9.4763,Morocco,MA,Souss-Massa,,107621,107621,30.3805,-9.4763,"{'latitude': 30.375, 'longitude': -9.5, 'generationtime_ms': 0.31387805938720703, 'utc_offset_seconds': 0, 'timezone': 'GMT', 'timezone_abbreviation': 'GMT', 'elevation': 34.0, 'daily_units': {'time': 'iso8601', 'temperature_2m_max': '°C', 'temperature_2m_min': '°C', 'precipitation_sum': 'mm', 'precipitation_probability_max': '%', 'wind_speed_10m_max': 'km/h', 'wind_gusts_10m_max': 'km/h', 'weather_code': 'wmo code'}, 'daily': {'time': ['2026-09-14', '2026-09-15', '2026-09-16', '2026-09-17', '2026-09-18', '2026-09-19', '2026-09-20'], 'temperature_2m_max': [39.6, 34.5, 32.4, 26.9, 26.4, 37.9, 40.2], 'temperature_2m_min': [26.6, 25.7, 22.3, 20.4, 19.6, 20.2, 25.3], 'precipitation_sum': [0.0, 0.30000000000000004, 0.0, 0.0, 0.0, 0.0, 0.0], 'precipitation_probability_max': [3, 3, 0, 0, 5, 5, 0], 'wind_speed_10m_max': [18.9, 15.2, 19.0, 17.3, 17.3, 16.3, 16.9], 'wind_gusts_10m_max': [39.2, 33.8, 40.0, 40.3, 38.2, 40.0, 38.5], 'weather_code': [3, 3, 0, 2, 2, 3, 1]}}"
M’diq,35.68,-5.32,Morocco,MA,Tanger-Tétouan-Al Hoceïma,,67599,67599,35.68,-5.32,"{'latitude': 35.625, 'longitude': -5.3125, 'generationtime_ms': 0.334501266479492, 'utc_offset_seconds': 0, 'timezone': 'GMT', 'timezone_abbreviation': 'GMT', 'elevation': 23.0, 'daily_units': {'time': 'iso8601', 'temperature_2m_max': '°C', 'temperature_2m_min': '°C', 'precipitation_sum': 'mm', 'precipitation_probability_max': '%', 'wind_speed_10m_max': 'km/h', 'wind_gusts_10m_max': 'km/h', 'weather_code': 'wmo code'}, 'daily': {'time': ['2026-09-14', '2026-09-15', '2026-09-16', '2026-09-17', '2026-09-18', '2026-09-19', '2026-09-20'], 'temperature_2m_max': [25.4, 25.9, 31.8, 25.3, 24.7, 27.4, 27.0], 'temperature_2m_min': [22.0, 20.8, 19.1, 19.4, 18.5, 21.7, 23.2], 'precipitation_sum': [0.0, 0.0, 0.0, 0.0, 0.0, 0.0, 0.0], 'precipitation_probability_max': [0, 0, 0, 3, 8, 3, 5], 'wind_speed_10m_max': [19.1, 11.3, 16.6, 16.1, 18.1, 27.8, 26.5], 'wind_gusts_10m_max': [41.4, 27.0, 41.0, 36.7, 38.9, 56.5, 62.3], 'weather_code': [2, 2, 1, 3, 3, 3, 3]}}"
Nador,35.1667,-2.9333,Morocco,MA,Oriental,,161726,161726,35.1667,-2.9333,"{'latitude': 35.1875, 'longitude': -2.9375, 'generationtime_ms': 0.233054161071777, 'utc_offset_seconds': 0, 'timezone': 'GMT', 'timezone_abbreviation': 'GMT', 'elevation': 20.0, 'daily_units': {'time': 'iso8601', 'temperature_2m_max': '°C', 'temperature_2m_min': '°C', 'precipitation_sum': 'mm', 'precipitation_probability_max': '%', 'wind_speed_10m_max': 'km/h', 'wind_gusts_10m_max': 'km/h', 'weather_code': 'wmo code'}, 'daily': {'time': ['2026-09-14', '2026-09-15', '2026-09-16', '2026-09-17', '2026-09-18', '2026-09-19', '2026-09-20'], 'temperature_2m_max': [26.2, 26.2, 29.8, 26.1, 25.3, 27.7, 27.5], 'temperature_2m_min': [23.1, 21.6, 20.8, 22.1, 21.5, 22.2, 22.3], 'precipitation_sum': [0.0, 0.0, 0.0, 0.0, 0.30000000000000004, 0.45, 0.0], 'precipitation_probability_max': [0, 0, 0, 7, 13, 10, 3], 'wind_speed_10m_max': [14.2, 11.6, 8.6, 11.5, 13.5, 19.4, 18.6], 'wind_gusts_10m_max': [32.8, 27.0, 24.8, 27.0, 32.4, 33.8, 33.8], 'weather_code': [2, 3, 1, 3, 3, 3, 45]}}"
Oued Zem,32.8619,-6.5711,Morocco,MA,Béni Mellal-Khénifra,,93776,93776,32.8619,-6.5711,"{'latitude': 32.875, 'longitude': -6.5625, 'generationtime_ms': 0.21052360534667902, 'utc_offset_seconds': 0, 'timezone': 'GMT', 'timezone_abbreviation': 'GMT', 'elevation': 780.0, 'daily_units': {'time': 'iso8601', 'temperature_2m_max': '°C', 'temperature_2m_min': '°C', 'precipitation_sum': 'mm', 'precipitation_probability_max': '%', 'wind_speed_10m_max': 'km/h', 'wind_gusts_10m_max': 'km/h', 'weather_code': 'wmo code'}, 'daily': {'time': ['2026-09-14', '2026-09-15', '2026-09-16', '2026-09-17', '2026-09-18', '2026-09-19', '2026-09-20'], 'temperature_2m_max': [37.6, 35.6, 32.1, 30.0, 31.1, 33.6, 35.4], 'temperature_2m_min': [23.0, 21.1, 17.4, 16.2, 14.6, 18.7, 19.4], 'precipitation_sum': [0.0, 0.0, 0.0, 0.0, 0.0, 0.0, 0.0], 'precipitation_probability_max': [10, 0, 0, 0, 25, 8, 3], 'wind_speed_10m_max': [19.7, 22.6, 20.6, 16.5, 16.5, 11.1, 16.1], 'wind_gusts_10m_max': [43.2, 45.0, 41.0, 34.6, 38.2, 32.8, 40.3], 'weather_code': [3, 2, 1, 3, 3, 2, 2]}}"
Ouezzane,34.8,-5.6,Morocco,MA,Tanger-Tétouan-Al Hoceïma,,57737,57737,34.8,-5.6,"{'latitude': 34.8125, 'longitude': -5.625, 'generationtime_ms': 4.082322120666504, 'utc_offset_seconds': 0, 'timezone': 'GMT', 'timezone_abbreviation': 'GMT', 'elevation': 229.0, 'daily_units': {'time': 'iso8601', 'temperature_2m_max': '°C', 'temperature_2m_min': '°C', 'precipitation_sum': 'mm', 'precipitation_probability_max': '%', 'wind_speed_10m_max': 'km/h', 'wind_gusts_10m_max': 'km/h', 'weather_code': 'wmo code'}, 'daily': {'time': ['2026-09-14', '2026-09-15', '2026-09-16', '2026-09-17', '2026-09-18', '2026-09-19', '2026-09-20'], 'temperature_2m_max': [38.7, 35.3, 30.3, 26.8, 31.5, 37.1, 40.1], 'temperature_2m_min': [21.6, 20.3, 17.7, 17.7, 15.2, 17.0, 20.6], 'precipitation_sum': [0.0, 0.0, 0.0, 0.0, 0.0, 0.0, 0.0], 'precipitation_probability_max': [0, 0, 0, 0, 5, 5, 5], 'wind_speed_10m_max': [16.3, 18.3, 17.0, 11.6, 13.1, 15.5, 11.6], 'wind_gusts_10m_max': [32.0, 36.7, 33.5, 22.7, 32.0, 29.9, 24.1], 'weather_code': [0, 0, 2, 3, 2, 3, 3]}}"
Oujda-Angad,34.6867,-1.9114,Morocco,MA,Oriental,admin,506224,506224,34.6867,-1.9114,"{'latitude': 34.6875, 'longitude': -1.9375, 'generationtime_ms': 0.786185264587402, 'utc_offset_seconds': 0, 'timezone': 'GMT', 'timezone_abbreviation': 'GMT', 'elevation': 551.0, 'daily_units': {'time': 'iso8601', 'temperature_2m_max': '°C', 'temperature_2m_min': '°C', 'precipitation_sum': 'mm', 'precipitation_probability_max': '%', 'wind_speed_10m_max': 'km/h', 'wind_gusts_10m_max': 'km/h', 'weather_code': 'wmo code'}, 'daily': {'time': ['2026-09-14', '2026-09-15', '2026-09-16', '2026-09-17', '2026-09-18', '2026-09-19', '2026-09-20'], 'temperature_2m_max': [30.0, 30.5, 32.1, 28.0, 27.0, 31.5, 31.5], 'temperature_2m_min': [17.5, 15.9, 14.9, 16.8, 16.3, 17.4, 19.2], 'precipitation_sum': [0.0, 0.0, 0.0, 0.0, 0.0, 0.0, 0.0], 'precipitation_probability_max': [0, 0, 0, 13, 33, 8, 8], 'wind_speed_10m_max': [17.1, 17.1, 19.2, 16.7, 19.3, 18.8, 20.9], 'wind_gusts_10m_max': [36.4, 35.3, 40.3, 40.0, 42.1, 33.8, 37.4], 'weather_code': [0, 3, 0, 3, 45, 45, 2]}}"
Oulad Barhil,30.6408,-8.475,Morocco,MA,Souss-Massa,,30330,30330,30.6408,-8.475,"{'latitude': 30.625, 'longitude': -8.5, 'generationtime_ms': 2.014636993408203, 'utc_offset_seconds': 0, 'timezone': 'GMT', 'timezone_abbreviation': 'GMT', 'elevation': 500.0, 'daily_units': {'time': 'iso8601', 'temperature_2m_max': '°C', 'temperature_2m_min': '°C', 'precipitation_sum': 'mm', 'precipitation_probability_max': '%', 'wind_speed_10m_max': 'km/h', 'wind_gusts_10m_max': 'km/h', 'weather_code': 'wmo code'}, 'daily': {'time': ['2026-09-14', '2026-09-15', '2026-09-16', '2026-09-17', '2026-09-18', '2026-09-19', '2026-09-20'], 'temperature_2m_max': [40.6, 39.8, 35.8, 30.2, 30.6, 35.8, 38.5], 'temperature_2m_min': [23.0, 24.1, 21.0, 17.5, 16.4, 18.1, 24.7], 'precipitation_sum': [0.0, 0.0, 0.0, 0.0, 0.0, 0.6000000000000001, 0.0], 'precipitation_probability_max': [5, 5, 0, 3, 13, 5, 3], 'wind_speed_10m_max': [22.2, 32.8, 27.5, 31.3, 28.0, 23.5, 15.8], 'wind_gusts_10m_max': [40.3, 63.7, 51.1, 56.9, 54.7, 40.3, 28.8], 'weather_code': [3, 3, 0, 1, 1, 3, 3]}}"
Oulad Tayeb,33.9598,-4.9954,Morocco,MA,Fès-Meknès,,56352,56352,33.9598,-4.9954,"{'latitude': 33.9375, 'longitude': -5.0, 'generationtime_ms': 0.24855136871337802, 'utc_offset_seconds': 0, 'timezone': 'GMT', 'timezone_abbreviation': 'GMT', 'elevation': 510.0, 'daily_units': {'time': 'iso8601', 'temperature_2m_max': '°C', 'temperature_2m_min': '°C', 'precipitation_sum': 'mm', 'precipitation_probability_max': '%', 'wind_speed_10m_max': 'km/h', 'wind_gusts_10m_max': 'km/h', 'weather_code': 'wmo code'}, 'daily': {'time': ['2026-09-14', '2026-09-15', '2026-09-16', '2026-09-17', '2026-09-18', '2026-09-19', '2026-09-20'], 'temperature_2m_max': [37.7, 35.0, 31.1, 27.3, 31.4, 36.7, 38.2], 'temperature_2m_min': [22.7, 23.1, 20.5, 18.2, 17.6, 20.3, 22.8], 'precipitation_sum': [0.0, 0.0, 0.0, 0.0, 0.0, 0.0, 0.0], 'precipitation_probability_max': [0, 0, 0, 3, 13, 5, 5], 'wind_speed_10m_max': [14.8, 16.6, 17.3, 13.3, 14.0, 9.7, 17.2], 'wind_gusts_10m_max': [29.2, 31.7, 32.4, 27.0, 27.0, 25.2, 41.0], 'weather_code': [3, 3, 1, 45, 3, 3, 2]}}"
Oulad Teïma,30.4,-9.21,Morocco,MA,Souss-Massa,,100284,100284,30.4,-9.21,"{'latitude': 30.375, 'longitude': -9.1875, 'generationtime_ms': 0.30422210693359303, 'utc_offset_seconds': 0, 'timezone': 'GMT', 'timezone_abbreviation': 'GMT', 'elevation': 124.0, 'daily_units': {'time': 'iso8601', 'temperature_2m_max': '°C', 'temperature_2m_min': '°C', 'precipitation_sum': 'mm', 'precipitation_probability_max': '%', 'wind_speed_10m_max': 'km/h', 'wind_gusts_10m_max': 'km/h', 'weather_code': 'wmo code'}, 'daily': {'time': ['2026-09-14', '2026-09-15', '2026-09-16', '2026-09-17', '2026-09-18', '2026-09-19', '2026-09-20'], 'temperature_2m_max': [41.9, 40.3, 34.6, 29.3, 29.2, 35.1, 40.4], 'temperature_2m_min': [24.5, 24.8, 21.3, 19.1, 18.1, 18.7, 23.8], 'precipitation_sum': [0.0, 0.0, 0.0, 0.0, 0.0, 0.0, 0.0], 'precipitation_probability_max': [5, 5, 0, 3, 3, 3, 0], 'wind_speed_10m_max': [23.8, 22.5, 27.3, 25.8, 24.3, 17.8, 28.8], 'wind_gusts_10m_max': [44.3, 43.2, 51.5, 48.6, 46.4, 31.7, 50.0], 'weather_code': [3, 2, 0, 2, 1, 2, 2]}}"
Oulad Yaïch,32.4167,-6.3333,Morocco,MA,Béni Mellal-Khénifra,,25785,25785,32.4167,-6.3333,"{'latitude': 32.4375, 'longitude': -6.3125, 'generationtime_ms': 0.30815601348876903, 'utc_offset_seconds': 0, 'timezone': 'GMT', 'timezone_abbreviation': 'GMT', 'elevation': 503.0, 'daily_units': {'time': 'iso8601', 'temperature_2m_max': '°C', 'temperature_2m_min': '°C', 'precipitation_sum': 'mm', 'precipitation_probability_max': '%', 'wind_speed_10m_max': 'km/h', 'wind_gusts_10m_max': 'km/h', 'weather_code': 'wmo code'}, 'daily': {'time': ['2026-09-14', '2026-09-15', '2026-09-16', '2026-09-17', '2026-09-18', '2026-09-19', '2026-09-20'], 'temperature_2m_max': [40.4, 38.8, 34.8, 32.0, 33.8, 35.8, 37.8], 'temperature_2m_min': [24.0, 24.7, 20.5, 17.8, 17.9, 21.9, 26.7], 'precipitation_sum': [0.0, 0.0, 0.0, 0.0, 0.0, 0.6000000000000001, 0.0], 'precipitation_probability_max': [5, 0, 0, 3, 13, 10, 10], 'wind_speed_10m_max': [25.2, 20.2, 17.2, 14.8, 5.6, 14.3, 18.0], 'wind_gusts_10m_max': [52.2, 36.0, 33.1, 26.3, 13.7, 28.4, 37.1], 'weather_code': [3, 3, 0, 3, 3, 3, 2]}}"
Qasbat Tadla,32.6,-6.26,Morocco,MA,Béni Mellal-Khénifra,,48172,48172,32.6,-6.26,"{'latitude': 32.625, 'longitude': -6.25, 'generationtime_ms': 0.23365020751953103, 'utc_offset_seconds': 0, 'timezone': 'GMT', 'timezone_abbreviation': 'GMT', 'elevation': 506.0, 'daily_units': {'time': 'iso8601', 'temperature_2m_max': '°C', 'temperature_2m_min': '°C', 'precipitation_sum': 'mm', 'precipitation_probability_max': '%', 'wind_speed_10m_max': 'km/h', 'wind_gusts_10m_max': 'km/h', 'weather_code': 'wmo code'}, 'daily': {'time': ['2026-09-14', '2026-09-15', '2026-09-16', '2026-09-17', '2026-09-18', '2026-09-19', '2026-09-20'], 'temperature_2m_max': [40.3, 38.6, 34.5, 32.2, 34.0, 36.4, 38.6], 'temperature_2m_min': [21.3, 21.5, 18.0, 17.0, 15.9, 19.6, 18.6], 'precipitation_sum': [0.0, 0.0, 0.0, 0.0, 0.0, 0.30000000000000004, 0.0], 'precipitation_probability_max': [5, 0, 0, 3, 13, 10, 10], 'wind_speed_10m_max': [23.9, 20.2, 17.7, 10.8, 14.3, 11.3, 12.6], 'wind_gusts_10m_max': [45.4, 37.1, 38.5, 24.5, 25.2, 28.1, 25.6], 'weather_code': [3, 3, 1, 3, 3, 3, 1]}}"
Rabat,34.0211,-6.8414,Morocco,MA,Rabat-Salé-Kénitra,primary,572717,572717,34.0211,-6.8414,"{'latitude': 34.0, 'longitude': -6.8125, 'generationtime_ms': 0.18846988677978502, 'utc_offset_seconds': 0, 'timezone': 'GMT', 'timezone_abbreviation': 'GMT', 'elevation': 18.0, 'daily_units': {'time': 'iso8601', 'temperature_2m_max': '°C', 'temperature_2m_min': '°C', 'precipitation_sum': 'mm', 'precipitation_probability_max': '%', 'wind_speed_10m_max': 'km/h', 'wind_gusts_10m_max': 'km/h', 'weather_code': 'wmo code'}, 'daily': {'time': ['2026-09-14', '2026-09-15', '2026-09-16', '2026-09-17', '2026-09-18', '2026-09-19', '2026-09-20'], 'temperature_2m_max': [33.5, 27.6, 25.8, 26.0, 26.2, 27.4, 30.9], 'temperature_2m_min': [22.9, 21.6, 20.9, 18.9, 17.5, 17.6, 21.4], 'precipitation_sum': [0.0, 0.0, 0.0, 0.0, 0.0, 0.0, 0.0], 'precipitation_probability_max': [0, 0, 0, 0, 0, 3, 3], 'wind_speed_10m_max': [11.1, 13.7, 15.5, 12.0, 15.3, 12.3, 13.7], 'wind_gusts_10m_max': [29.2, 34.9, 39.2, 32.0, 38.2, 30.6, 30.2], 'weather_code': [0, 45, 2, 3, 2, 45, 1]}}"
Safi,32.2833,-9.2333,Morocco,MA,Marrakech-Safi,,367249,367249,32.2833,-9.2333,"{'latitude': 32.3125, 'longitude': -9.25, 'generationtime_ms': 0.256061553955078, 'utc_offset_seconds': 0, 'timezone': 'GMT', 'timezone_abbreviation': 'GMT', 'elevation': 53.0, 'daily_units': {'time': 'iso8601', 'temperature_2m_max': '°C', 'temperature_2m_min': '°C', 'precipitation_sum': 'mm', 'precipitation_probability_max': '%', 'wind_speed_10m_max': 'km/h', 'wind_gusts_10m_max': 'km/h', 'weather_code': 'wmo code'}, 'daily': {'time': ['2026-09-14', '2026-09-15', '2026-09-16', '2026-09-17', '2026-09-18', '2026-09-19', '2026-09-20'], 'temperature_2m_max': [34.1, 33.1, 26.7, 24.7, 25.8, 31.2, 37.2], 'temperature_2m_min': [24.7, 23.1, 20.4, 18.8, 18.3, 19.1, 22.5], 'precipitation_sum': [0.0, 0.0, 0.0, 0.0, 0.0, 0.0, 0.0], 'precipitation_probability_max': [0, 0, 0, 0, 3, 3, 0], 'wind_speed_10m_max': [17.6, 25.1, 28.5, 19.6, 23.7, 18.8, 20.6], 'wind_gusts_10m_max': [32.4, 43.9, 50.0, 34.2, 43.6, 34.6, 38.5], 'weather_code': [3, 1, 2, 2, 2, 3, 1]}}"
Sale,34.05,-6.8167,Morocco,MA,Rabat-Salé-Kénitra,,945101,945101,34.05,-6.8167,"{'latitude': 34.0, 'longitude': -6.8125, 'generationtime_ms': 0.322341918945312, 'utc_offset_seconds': 0, 'timezone': 'GMT', 'timezone_abbreviation': 'GMT', 'elevation': 27.0, 'daily_units': {'time': 'iso8601', 'temperature_2m_max': '°C', 'temperature_2m_min': '°C', 'precipitation_sum': 'mm', 'precipitation_probability_max': '%', 'wind_speed_10m_max': 'km/h', 'wind_gusts_10m_max': 'km/h', 'weather_code': 'wmo code'}, 'daily': {'time': ['2026-09-14', '2026-09-15', '2026-09-16', '2026-09-17', '2026-09-18', '2026-09-19', '2026-09-20'], 'temperature_2m_max': [33.5, 27.6, 25.8, 25.9, 26.2, 27.4, 30.8], 'temperature_2m_min': [22.8, 21.5, 20.8, 18.8, 17.4, 17.6, 21.3], 'precipitation_sum': [0.0, 0.0, 0.0, 0.0, 0.0, 0.0, 0.0], 'precipitation_probability_max': [0, 0, 0, 0, 0, 3, 3], 'wind_speed_10m_max': [11.1, 13.7, 15.5, 12.0, 15.3, 12.3, 13.7], 'wind_gusts_10m_max': [29.2, 34.9, 39.2, 32.0, 38.2, 30.6, 30.2], 'weather_code': [0, 45, 2, 3, 2, 45, 1]}}"
Sebt Gzoula,32.1219,-9.0889,Morocco,MA,Marrakech-Safi,,24600,24600,32.1219,-9.0889,"{'latitude': 32.125, 'longitude': -9.0625, 'generationtime_ms': 0.39017200469970703, 'utc_offset_seconds': 0, 'timezone': 'GMT', 'timezone_abbreviation': 'GMT', 'elevation': 173.0, 'daily_units': {'time': 'iso8601', 'temperature_2m_max': '°C', 'temperature_2m_min': '°C', 'precipitation_sum': 'mm', 'precipitation_probability_max': '%', 'wind_speed_10m_max': 'km/h', 'wind_gusts_10m_max': 'km/h', 'weather_code': 'wmo code'}, 'daily': {'time': ['2026-09-14', '2026-09-15', '2026-09-16', '2026-09-17', '2026-09-18', '2026-09-19', '2026-09-20'], 'temperature_2m_max': [40.7, 37.8, 30.8, 27.3, 30.6, 32.1, 38.3], 'temperature_2m_min': [27.8, 24.0, 20.1, 18.1, 18.0, 19.0, 22.7], 'precipitation_sum': [0.0, 0.0, 0.0, 0.0, 0.0, 0.0, 0.0], 'precipitation_probability_max': [0, 0, 0, 0, 3, 3, 3], 'wind_speed_10m_max': [23.0, 24.8, 21.6, 17.5, 20.4, 17.1, 19.6], 'wind_gusts_10m_max': [43.6, 45.4, 40.0, 33.1, 36.7, 31.7, 38.2], 'weather_code': [2, 2, 2, 2, 2, 3, 1]}}"
Sefrou,33.83,-4.83,Morocco,MA,Fès-Meknès,,86903,86903,33.83,-4.83,"{'latitude': 33.8125, 'longitude': -4.8125, 'generationtime_ms': 0.23162364959716703, 'utc_offset_seconds': 0, 'timezone': 'GMT', 'timezone_abbreviation': 'GMT', 'elevation': 809.0, 'daily_units': {'time': 'iso8601', 'temperature_2m_max': '°C', 'temperature_2m_min': '°C', 'precipitation_sum': 'mm', 'precipitation_probability_max': '%', 'wind_speed_10m_max': 'km/h', 'wind_gusts_10m_max': 'km/h', 'weather_code': 'wmo code'}, 'daily': {'time': ['2026-09-14', '2026-09-15', '2026-09-16', '2026-09-17', '2026-09-18', '2026-09-19', '2026-09-20'], 'temperature_2m_max': [34.5, 32.9, 29.1, 25.3, 28.4, 33.0, 34.9], 'temperature_2m_min': [24.7, 22.6, 18.4, 17.6, 16.6, 18.0, 19.8], 'precipitation_sum': [0.0, 0.0, 0.0, 0.0, 0.0, 0.9, 0.0], 'precipitation_probability_max': [0, 0, 0, 8, 23, 3, 3], 'wind_speed_10m_max': [17.7, 16.4, 18.4, 15.0, 16.5, 14.5, 21.0], 'wind_gusts_10m_max': [38.9, 36.0, 40.0, 35.3, 36.0, 28.4, 42.1], 'weather_code': [3, 3, 1, 3, 3, 80, 2]}}"
Semara,26.7394,-11.6703,Morocco,MA,Laâyoune-Sakia El Hamra,,57035,57035,26.7394,-11.6703,"{'latitude': 26.74868, 'longitude': -11.648254, 'generationtime_ms': 5.816459655761719, 'utc_offset_seconds': 0, 'timezone': 'GMT', 'timezone_abbreviation': 'GMT', 'elevation': 192.0, 'daily_units': {'time': 'iso8601', 'temperature_2m_max': '°C', 'temperature_2m_min': '°C', 'precipitation_sum': 'mm', 'precipitation_probability_max': '%', 'wind_speed_10m_max': 'km/h', 'wind_gusts_10m_max': 'km/h', 'weather_code': 'wmo code'}, 'daily': {'time': ['2026-09-14', '2026-09-15', '2026-09-16', '2026-09-17', '2026-09-18', '2026-09-19', '2026-09-20'], 'temperature_2m_max': [40.9, 35.9, 38.0, 31.2, 30.2, 31.6, 38.6], 'temperature_2m_min': [26.2, 23.6, 21.4, 19.6, 19.0, 17.9, 18.7], 'precipitation_sum': [11.4, 0.0, 0.0, 0.0, 0.0, 0.0, 0.0], 'precipitation_probability_max': [43, 0, 0, 0, 2, 0, 2], 'wind_speed_10m_max': [29.9, 12.2, 34.6, 28.6, 23.2, 13.6, 18.8], 'wind_gusts_10m_max': [54.0, 19.4, 56.2, 48.6, 41.4, 30.6, 50.0], 'weather_code': [81, 0, 0, 3, 3, 3, 0]}}"
Settat,33.0023,-7.6198,Morocco,MA,Casablanca-Settat,,171556,171556,33.0023,-7.6198,"{'latitude': 33.0, 'longitude': -7.625, 'generationtime_ms': 0.21147727966308502, 'utc_offset_seconds': 0, 'timezone': 'GMT', 'timezone_abbreviation': 'GMT', 'elevation': 360.0, 'daily_units': {'time': 'iso8601', 'temperature_2m_max': '°C', 'temperature_2m_min': '°C', 'precipitation_sum': 'mm', 'precipitation_probability_max': '%', 'wind_speed_10m_max': 'km/h', 'wind_gusts_10m_max': 'km/h', 'weather_code': 'wmo code'}, 'daily': {'time': ['2026-09-14', '2026-09-15', '2026-09-16', '2026-09-17', '2026-09-18', '2026-09-19', '2026-09-20'], 'temperature_2m_max': [39.8, 35.6, 29.7, 27.1, 30.0, 34.4, 37.2], 'temperature_2m_min': [23.7, 21.8, 18.8, 17.1, 15.7, 16.8, 21.7], 'precipitation_sum': [0.0, 0.0, 0.0, 0.0, 0.0, 0.0, 0.30000000000000004], 'precipitation_probability_max': [0, 0, 0, 3, 5, 15, 15], 'wind_speed_10m_max': [23.3, 23.8, 20.4, 16.6, 18.2, 18.7, 24.3], 'wind_gusts_10m_max': [49.3, 49.7, 41.4, 35.3, 41.0, 35.6, 47.5], 'weather_code': [2, 2, 2, 3, 45, 3, 80]}}"
Sidi Bennour,32.655,-8.4292,Morocco,MA,Casablanca-Settat,,55847,55847,32.655,-8.4292,"{'latitude': 32.625, 'longitude': -8.4375, 'generationtime_ms': 1.557469367980957, 'utc_offset_seconds': 0, 'timezone': 'GMT', 'timezone_abbreviation': 'GMT', 'elevation': 178.0, 'daily_units': {'time': 'iso8601', 'temperature_2m_max': '°C', 'temperature_2m_min': '°C', 'precipitation_sum': 'mm', 'precipitation_probability_max': '%', 'wind_speed_10m_max': 'km/h', 'wind_gusts_10m_max': 'km/h', 'weather_code': 'wmo code'}, 'daily': {'time': ['2026-09-14', '2026-09-15', '2026-09-16', '2026-09-17', '2026-09-18', '2026-09-19', '2026-09-20'], 'temperature_2m_max': [40.7, 36.7, 30.0, 27.7, 30.3, 34.3, 39.1], 'temperature_2m_min': [22.6, 20.4, 18.2, 17.4, 16.6, 17.7, 20.2], 'precipitation_sum': [0.0, 0.0, 0.0, 0.0, 0.0, 0.0, 0.0], 'precipitation_probability_max': [0, 0, 0, 3, 3, 3, 0], 'wind_speed_10m_max': [25.0, 25.6, 23.5, 20.1, 21.0, 17.7, 19.1], 'wind_gusts_10m_max': [43.2, 44.6, 40.7, 34.2, 37.8, 34.2, 34.9], 'weather_code': [2, 1, 45, 3, 45, 3, 1]}}"
Sidi Lmokhtar,31.57,-9.01,Morocco,MA,Marrakech-Safi,,27083,27083,31.57,-9.01,"{'latitude': 31.5625, 'longitude': -9.0, 'generationtime_ms': 0.20396709442138602, 'utc_offset_seconds': 0, 'timezone': 'GMT', 'timezone_abbreviation': 'GMT', 'elevation': 390.0, 'daily_units': {'time': 'iso8601', 'temperature_2m_max': '°C', 'temperature_2m_min': '°C', 'precipitation_sum': 'mm', 'precipitation_probability_max': '%', 'wind_speed_10m_max': 'km/h', 'wind_gusts_10m_max': 'km/h', 'weather_code': 'wmo code'}, 'daily': {'time': ['2026-09-14', '2026-09-15', '2026-09-16', '2026-09-17', '2026-09-18', '2026-09-19', '2026-09-20'], 'temperature_2m_max': [40.4, 39.0, 34.0, 28.5, 31.0, 34.6, 38.0], 'temperature_2m_min': [24.8, 24.6, 20.6, 17.4, 17.1, 18.2, 21.3], 'precipitation_sum': [0.0, 0.0, 0.0, 0.0, 0.0, 2.4, 0.0], 'precipitation_probability_max': [3, 0, 0, 0, 8, 8, 3], 'wind_speed_10m_max': [26.4, 24.5, 27.3, 20.7, 17.3, 14.3, 21.4], 'wind_gusts_10m_max': [46.1, 41.0, 45.7, 36.0, 29.2, 40.0, 33.8], 'weather_code': [3, 3, 0, 2, 1, 80, 2]}}"
Sidi Qacem,34.21,-5.7,Morocco,MA,Rabat-Salé-Kénitra,,75037,75037,34.21,-5.7,"{'latitude': 34.1875, 'longitude': -5.6875, 'generationtime_ms': 0.26464462280273404, 'utc_offset_seconds': 0, 'timezone': 'GMT', 'timezone_abbreviation': 'GMT', 'elevation': 124.0, 'daily_units': {'time': 'iso8601', 'temperature_2m_max': '°C', 'temperature_2m_min': '°C', 'precipitation_sum': 'mm', 'precipitation_probability_max': '%', 'wind_speed_10m_max': 'km/h', 'wind_gusts_10m_max': 'km/h', 'weather_code': 'wmo code'}, 'daily': {'time': ['2026-09-14', '2026-09-15', '2026-09-16', '2026-09-17', '2026-09-18', '2026-09-19', '2026-09-20'], 'temperature_2m_max': [39.8, 34.7, 31.2, 28.0, 32.3, 38.0, 40.3], 'temperature_2m_min': [25.3, 22.0, 20.8, 18.8, 17.8, 21.0, 23.8], 'precipitation_sum': [0.0, 0.0, 0.0, 0.0, 0.0, 0.0, 0.0], 'precipitation_probability_max': [0, 0, 0, 5, 5, 0, 0], 'wind_speed_10m_max': [16.0, 18.0, 18.2, 13.0, 14.8, 14.2, 17.1], 'wind_gusts_10m_max': [34.6, 37.8, 38.9, 28.4, 30.6, 38.9, 35.3], 'weather_code': [0, 3, 1, 3, 2, 2, 1]}}"
Sidi Slimane,34.26,-5.93,Morocco,MA,Rabat-Salé-Kénitra,,95114,95114,34.26,-5.93,"{'latitude': 34.25, 'longitude': -5.9375, 'generationtime_ms': 0.24139881134033203, 'utc_offset_seconds': 0, 'timezone': 'GMT', 'timezone_abbreviation': 'GMT', 'elevation': 29.0, 'daily_units': {'time': 'iso8601', 'temperature_2m_max': '°C', 'temperature_2m_min': '°C', 'precipitation_sum': 'mm', 'precipitation_probability_max': '%', 'wind_speed_10m_max': 'km/h', 'wind_gusts_10m_max': 'km/h', 'weather_code': 'wmo code'}, 'daily': {'time': ['2026-09-14', '2026-09-15', '2026-09-16', '2026-09-17', '2026-09-18', '2026-09-19', '2026-09-20'], 'temperature_2m_max': [39.8, 34.1, 30.6, 28.3, 32.2, 37.5, 40.5], 'temperature_2m_min': [23.5, 20.8, 20.7, 19.3, 17.1, 19.1, 21.8], 'precipitation_sum': [0.0, 0.0, 0.0, 0.0, 0.0, 0.0, 0.0], 'precipitation_probability_max': [0, 0, 0, 0, 3, 0, 0], 'wind_speed_10m_max': [16.8, 17.6, 18.7, 13.0, 14.8, 17.4, 16.5], 'wind_gusts_10m_max': [35.6, 36.7, 39.2, 28.1, 36.4, 33.8, 34.2], 'weather_code': [0, 2, 2, 3, 45, 1, 1]}}"
Sidi Smai’il,32.8167,-8.5,Morocco,MA,Casablanca-Settat,,32694,32694,32.8167,-8.5,"{'latitude': 32.8125, 'longitude': -8.5, 'generationtime_ms': 0.9444952011108391, 'utc_offset_seconds': 0, 'timezone': 'GMT', 'timezone_abbreviation': 'GMT', 'elevation': 155.0, 'daily_units': {'time': 'iso8601', 'temperature_2m_max': '°C', 'temperature_2m_min': '°C', 'precipitation_sum': 'mm', 'precipitation_probability_max': '%', 'wind_speed_10m_max': 'km/h', 'wind_gusts_10m_max': 'km/h', 'weather_code': 'wmo code'}, 'daily': {'time': ['2026-09-14', '2026-09-15', '2026-09-16', '2026-09-17', '2026-09-18', '2026-09-19', '2026-09-20'], 'temperature_2m_max': [39.8, 34.9, 28.4, 27.1, 28.8, 31.3, 36.4], 'temperature_2m_min': [22.4, 20.5, 19.3, 17.9, 17.3, 18.5, 20.7], 'precipitation_sum': [0.0, 0.0, 0.0, 0.0, 0.0, 0.0, 0.0], 'precipitation_probability_max': [0, 0, 0, 0, 3, 3, 0], 'wind_speed_10m_max': [19.5, 22.0, 21.6, 17.6, 20.7, 18.8, 19.1], 'wind_gusts_10m_max': [33.8, 38.5, 37.4, 31.3, 37.8, 34.2, 35.3], 'weather_code': [1, 1, 2, 3, 45, 3, 0]}}"
Sidi Yahia El Gharb,34.3058,-6.3058,Morocco,MA,Rabat-Salé-Kénitra,,39946,39946,34.3058,-6.3058,"{'latitude': 34.3125, 'longitude': -6.3125, 'generationtime_ms': 0.33497810363769503, 'utc_offset_seconds': 0, 'timezone': 'GMT', 'timezone_abbreviation': 'GMT', 'elevation': 18.0, 'daily_units': {'time': 'iso8601', 'temperature_2m_max': '°C', 'temperature_2m_min': '°C', 'precipitation_sum': 'mm', 'precipitation_probability_max': '%', 'wind_speed_10m_max': 'km/h', 'wind_gusts_10m_max': 'km/h', 'weather_code': 'wmo code'}, 'daily': {'time': ['2026-09-14', '2026-09-15', '2026-09-16', '2026-09-17', '2026-09-18', '2026-09-19', '2026-09-20'], 'temperature_2m_max': [37.4, 31.1, 28.0, 27.3, 29.3, 34.6, 39.1], 'temperature_2m_min': [22.4, 20.4, 20.4, 18.2, 16.9, 17.4, 21.1], 'precipitation_sum': [0.0, 0.0, 0.0, 0.0, 0.0, 0.0, 0.0], 'precipitation_probability_max': [0, 0, 0, 0, 3, 0, 0], 'wind_speed_10m_max': [16.6, 19.5, 20.8, 14.8, 19.7, 20.9, 20.7], 'wind_gusts_10m_max': [30.2, 34.9, 37.1, 28.4, 36.4, 38.2, 37.4], 'weather_code': [0, 1, 2, 3, 45, 2, 1]}}"
Sidi Yahya Zaer,33.7105,-6.8831,Morocco,MA,Rabat-Salé-Kénitra,,116649,116649,33.7105,-6.8831,"{'latitude': 33.6875, 'longitude': -6.875, 'generationtime_ms': 0.286817550659179, 'utc_offset_seconds': 0, 'timezone': 'GMT', 'timezone_abbreviation': 'GMT', 'elevation': 294.0, 'daily_units': {'time': 'iso8601', 'temperature_2m_max': '°C', 'temperature_2m_min': '°C', 'precipitation_sum': 'mm', 'precipitation_probability_max': '%', 'wind_speed_10m_max': 'km/h', 'wind_gusts_10m_max': 'km/h', 'weather_code': 'wmo code'}, 'daily': {'time': ['2026-09-14', '2026-09-15', '2026-09-16', '2026-09-17', '2026-09-18', '2026-09-19', '2026-09-20'], 'temperature_2m_max': [38.4, 32.1, 27.5, 26.3, 27.9, 31.3, 36.2], 'temperature_2m_min': [23.7, 20.3, 18.5, 17.3, 15.0, 16.6, 19.3], 'precipitation_sum': [0.0, 0.0, 0.0, 0.0, 0.0, 0.0, 0.0], 'precipitation_probability_max': [0, 0, 0, 0, 0, 0, 0], 'wind_speed_10m_max': [20.7, 21.1, 22.2, 16.4, 19.6, 15.8, 19.1], 'wind_gusts_10m_max': [41.4, 42.5, 43.9, 33.5, 40.3, 33.1, 38.2], 'weather_code': [1, 1, 2, 3, 1, 3, 0]}}"
Skhirate,33.85,-7.03,Morocco,MA,Rabat-Salé-Kénitra,,122705,122705,33.85,-7.03,"{'latitude': 33.875, 'longitude': -7.0, 'generationtime_ms': 0.280380249023437, 'utc_offset_seconds': 0, 'timezone': 'GMT', 'timezone_abbreviation': 'GMT', 'elevation': 55.0, 'daily_units': {'time': 'iso8601', 'temperature_2m_max': '°C', 'temperature_2m_min': '°C', 'precipitation_sum': 'mm', 'precipitation_probability_max': '%', 'wind_speed_10m_max': 'km/h', 'wind_gusts_10m_max': 'km/h', 'weather_code': 'wmo code'}, 'daily': {'time': ['2026-09-14', '2026-09-15', '2026-09-16', '2026-09-17', '2026-09-18', '2026-09-19', '2026-09-20'], 'temperature_2m_max': [30.6, 26.1, 24.8, 24.8, 24.6, 25.9, 29.4], 'temperature_2m_min': [22.3, 20.9, 20.6, 19.0, 16.7, 17.7, 20.8], 'precipitation_sum': [0.0, 0.0, 0.0, 0.0, 0.0, 0.0, 0.0], 'precipitation_probability_max': [0, 0, 0, 0, 0, 0, 0], 'wind_speed_10m_max': [11.0, 14.7, 16.9, 13.2, 16.8, 12.6, 13.8], 'wind_gusts_10m_max': [25.6, 32.0, 36.7, 29.5, 36.7, 27.0, 27.7], 'weather_code': [45, 45, 2, 3, 2, 3, 0]}}"
Souk et Tnine Jorf el Mellah,34.4945,-5.5047,Morocco,MA,Rabat-Salé-Kénitra,,31976,31976,34.4945,-5.5047,"{'latitude': 34.5, 'longitude': -5.5, 'generationtime_ms': 0.355005264282226, 'utc_offset_seconds': 0, 'timezone': 'GMT', 'timezone_abbreviation': 'GMT', 'elevation': 66.0, 'daily_units': {'time': 'iso8601', 'temperature_2m_max': '°C', 'temperature_2m_min': '°C', 'precipitation_sum': 'mm', 'precipitation_probability_max': '%', 'wind_speed_10m_max': 'km/h', 'wind_gusts_10m_max': 'km/h', 'weather_code': 'wmo code'}, 'daily': {'time': ['2026-09-14', '2026-09-15', '2026-09-16', '2026-09-17', '2026-09-18', '2026-09-19', '2026-09-20'], 'temperature_2m_max': [39.8, 35.8, 31.4, 28.1, 33.1, 39.0, 41.1], 'temperature_2m_min': [26.3, 21.7, 20.4, 19.8, 17.4, 20.9, 22.5], 'precipitation_sum': [0.0, 0.0, 0.0, 0.0, 0.0, 0.0, 0.0], 'precipitation_probability_max': [0, 0, 0, 3, 3, 3, 3], 'wind_speed_10m_max': [16.0, 19.0, 19.3, 12.5, 10.5, 16.2, 12.3], 'wind_gusts_10m_max': [29.9, 36.4, 36.0, 23.8, 18.7, 29.9, 27.4], 'weather_code': [0, 3, 2, 3, 45, 2, 1]}}"
Souq Sebt Oulad Nemma,32.3,-6.7,Morocco,MA,Béni Mellal-Khénifra,,60293,60293,32.3,-6.7,"{'latitude': 32.3125, 'longitude': -6.6875, 'generationtime_ms': 0.36931037902832003, 'utc_offset_seconds': 0, 'timezone': 'GMT', 'timezone_abbreviation': 'GMT', 'elevation': 409.0, 'daily_units': {'time': 'iso8601', 'temperature_2m_max': '°C', 'temperature_2m_min': '°C', 'precipitation_sum': 'mm', 'precipitation_probability_max': '%', 'wind_speed_10m_max': 'km/h', 'wind_gusts_10m_max': 'km/h', 'weather_code': 'wmo code'}, 'daily': {'time': ['2026-09-14', '2026-09-15', '2026-09-16', '2026-09-17', '2026-09-18', '2026-09-19', '2026-09-20'], 'temperature_2m_max': [41.2, 39.3, 35.6, 32.3, 34.2, 37.9, 39.6], 'temperature_2m_min': [23.3, 24.5, 19.8, 17.5, 17.9, 19.4, 21.5], 'precipitation_sum': [0.0, 0.0, 0.0, 0.0, 0.0, 0.0, 0.0], 'precipitation_probability_max': [3, 0, 0, 3, 10, 8, 3], 'wind_speed_10m_max': [14.3, 20.3, 17.3, 14.8, 7.1, 16.6, 13.9], 'wind_gusts_10m_max': [30.2, 35.6, 34.6, 28.1, 15.1, 45.4, 26.3], 'weather_code': [3, 3, 1, 2, 2, 3, 2]}}"
Tabount,30.9014,-6.9217,Morocco,MA,Drâa-Tafilalet,,37465,37465,30.9014,-6.9217,"{'latitude': 30.875, 'longitude': -6.9375, 'generationtime_ms': 0.27036666870117104, 'utc_offset_seconds': 0, 'timezone': 'GMT', 'timezone_abbreviation': 'GMT', 'elevation': 1138.0, 'daily_units': {'time': 'iso8601', 'temperature_2m_max': '°C', 'temperature_2m_min': '°C', 'precipitation_sum': 'mm', 'precipitation_probability_max': '%', 'wind_speed_10m_max': 'km/h', 'wind_gusts_10m_max': 'km/h', 'weather_code': 'wmo code'}, 'daily': {'time': ['2026-09-14', '2026-09-15', '2026-09-16', '2026-09-17', '2026-09-18', '2026-09-19', '2026-09-20'], 'temperature_2m_max': [34.4, 33.2, 33.1, 33.7, 33.8, 30.0, 32.7], 'temperature_2m_min': [21.1, 21.9, 18.9, 18.0, 19.1, 19.0, 19.7], 'precipitation_sum': [0.0, 0.1, 0.0, 0.0, 0.0, 0.0, 0.0], 'precipitation_probability_max': [5, 18, 0, 10, 29, 25, 13], 'wind_speed_10m_max': [19.1, 19.4, 24.0, 12.9, 11.4, 16.1, 18.1], 'wind_gusts_10m_max': [31.7, 65.5, 39.2, 22.0, 26.6, 29.9, 31.0], 'weather_code': [3, 3, 0, 3, 3, 3, 3]}}"
Tahannawt,31.3514,-7.9508,Morocco,MA,Marrakech-Safi,,29562,29562,31.3514,-7.9508,"{'latitude': 31.375, 'longitude': -7.9375, 'generationtime_ms': 0.34272670745849604, 'utc_offset_seconds': 0, 'timezone': 'GMT', 'timezone_abbreviation': 'GMT', 'elevation': 929.0, 'daily_units': {'time': 'iso8601', 'temperature_2m_max': '°C', 'temperature_2m_min': '°C', 'precipitation_sum': 'mm', 'precipitation_probability_max': '%', 'wind_speed_10m_max': 'km/h', 'wind_gusts_10m_max': 'km/h', 'weather_code': 'wmo code'}, 'daily': {'time': ['2026-09-14', '2026-09-15', '2026-09-16', '2026-09-17', '2026-09-18', '2026-09-19', '2026-09-20'], 'temperature_2m_max': [35.3, 34.3, 30.7, 26.5, 27.6, 31.4, 33.7], 'temperature_2m_min': [24.2, 22.0, 18.4, 15.0, 14.8, 17.3, 18.0], 'precipitation_sum': [0.0, 0.0, 0.0, 0.0, 0.0, 0.9, 0.0], 'precipitation_probability_max': [8, 3, 0, 5, 13, 18, 18], 'wind_speed_10m_max': [22.4, 19.9, 17.5, 14.1, 14.0, 13.9, 15.9], 'wind_gusts_10m_max': [41.0, 37.4, 33.1, 27.7, 27.0, 24.5, 27.0], 'weather_code': [3, 3, 0, 1, 2, 3, 3]}}"
Tahla,34.05,-4.42,Morocco,MA,Fès-Meknès,,28612,28612,34.05,-4.42,"{'latitude': 34.0625, 'longitude': -4.4375, 'generationtime_ms': 0.31614303588867104, 'utc_offset_seconds': 0, 'timezone': 'GMT', 'timezone_abbreviation': 'GMT', 'elevation': 615.0, 'daily_units': {'time': 'iso8601', 'temperature_2m_max': '°C', 'temperature_2m_min': '°C', 'precipitation_sum': 'mm', 'precipitation_probability_max': '%', 'wind_speed_10m_max': 'km/h', 'wind_gusts_10m_max': 'km/h', 'weather_code': 'wmo code'}, 'daily': {'time': ['2026-09-14', '2026-09-15', '2026-09-16', '2026-09-17', '2026-09-18', '2026-09-19', '2026-09-20'], 'temperature_2m_max': [36.5, 35.3, 30.5, 27.5, 30.9, 35.6, 36.5], 'temperature_2m_min': [21.7, 21.3, 18.9, 16.8, 16.2, 21.3, 22.5], 'precipitation_sum': [0.0, 0.0, 0.0, 0.0, 0.0, 0.0, 0.0], 'precipitation_probability_max': [0, 0, 0, 13, 23, 5, 5], 'wind_speed_10m_max': [12.7, 17.1, 17.3, 14.8, 21.2, 19.5, 22.7], 'wind_gusts_10m_max': [24.5, 31.7, 33.5, 28.4, 40.0, 38.2, 41.0], 'weather_code': [3, 3, 1, 3, 3, 3, 1]}}"
Tameslouht,31.5,-8.1,Morocco,MA,Marrakech-Safi,,40283,40283,31.5,-8.1,"{'latitude': 31.5, 'longitude': -8.125, 'generationtime_ms': 0.460267066955566, 'utc_offset_seconds': 0, 'timezone': 'GMT', 'timezone_abbreviation': 'GMT', 'elevation': 553.0, 'daily_units': {'time': 'iso8601', 'temperature_2m_max': '°C', 'temperature_2m_min': '°C', 'precipitation_sum': 'mm', 'precipitation_probability_max': '%', 'wind_speed_10m_max': 'km/h', 'wind_gusts_10m_max': 'km/h', 'weather_code': 'wmo code'}, 'daily': {'time': ['2026-09-14', '2026-09-15', '2026-09-16', '2026-09-17', '2026-09-18', '2026-09-19', '2026-09-20'], 'temperature_2m_max': [39.2, 37.9, 34.0, 29.6, 31.2, 35.4, 37.3], 'temperature_2m_min': [26.5, 25.7, 21.2, 17.5, 17.7, 19.0, 21.2], 'precipitation_sum': [0.0, 0.0, 0.0, 0.0, 0.0, 0.6000000000000001, 0.0], 'precipitation_probability_max': [3, 3, 0, 0, 13, 8, 8], 'wind_speed_10m_max': [17.1, 23.1, 19.7, 12.9, 11.4, 14.8, 12.8], 'wind_gusts_10m_max': [29.9, 37.8, 33.8, 22.3, 20.2, 40.3, 26.3], 'weather_code': [3, 3, 0, 1, 2, 3, 2]}}"
Tan-Tan,28.4333,-11.1,Morocco,MA,Guelmim-Oued Noun,,76134,76134,28.4333,-11.1,"{'latitude': 28.435852, 'longitude': -11.147736, 'generationtime_ms': 1.015782356262207, 'utc_offset_seconds': 0, 'timezone': 'GMT', 'timezone_abbreviation': 'GMT', 'elevation': 58.0, 'daily_units': {'time': 'iso8601', 'temperature_2m_max': '°C', 'temperature_2m_min': '°C', 'precipitation_sum': 'mm', 'precipitation_probability_max': '%', 'wind_speed_10m_max': 'km/h', 'wind_gusts_10m_max': 'km/h', 'weather_code': 'wmo code'}, 'daily': {'time': ['2026-09-14', '2026-09-15', '2026-09-16', '2026-09-17', '2026-09-18', '2026-09-19', '2026-09-20'], 'temperature_2m_max': [40.2, 33.7, 31.0, 25.6, 25.7, 28.4, 31.0], 'temperature_2m_min': [27.1, 23.3, 20.2, 20.0, 19.3, 18.9, 16.7], 'precipitation_sum': [0.7000000000000001, 0.0, 0.0, 0.30000000000000004, 0.0, 0.0, 0.0], 'precipitation_probability_max': [31, 2, 0, 0, 0, 0, 2], 'wind_speed_10m_max': [27.2, 18.8, 26.3, 29.5, 24.0, 18.3, 14.8], 'wind_gusts_10m_max': [46.4, 37.4, 47.9, 52.9, 45.0, 34.9, 41.4], 'weather_code': [53, 0, 0, 51, 3, 3, 3]}}"
Tangier,35.7767,-5.8039,Morocco,MA,Tanger-Tétouan-Al Hoceïma,admin,1275428,1275428,35.7767,-5.8039000000000005,"{'latitude': 35.75, 'longitude': -5.8125, 'generationtime_ms': 0.25844573974609303, 'utc_offset_seconds': 0, 'timezone': 'GMT', 'timezone_abbreviation': 'GMT', 'elevation': 30.0, 'daily_units': {'time': 'iso8601', 'temperature_2m_max': '°C', 'temperature_2m_min': '°C', 'precipitation_sum': 'mm', 'precipitation_probability_max': '%', 'wind_speed_10m_max': 'km/h', 'wind_gusts_10m_max': 'km/h', 'weather_code': 'wmo code'}, 'daily': {'time': ['2026-09-14', '2026-09-15', '2026-09-16', '2026-09-17', '2026-09-18', '2026-09-19', '2026-09-20'], 'temperature_2m_max': [29.3, 30.1, 26.9, 26.2, 28.2, 27.3, 26.9], 'temperature_2m_min': [22.3, 20.7, 18.2, 18.8, 18.7, 21.7, 22.9], 'precipitation_sum': [0.0, 0.0, 0.0, 0.0, 0.0, 0.0, 0.0], 'precipitation_probability_max': [0, 0, 0, 0, 0, 0, 3], 'wind_speed_10m_max': [26.1, 16.1, 21.3, 15.0, 21.4, 34.2, 35.1], 'wind_gusts_10m_max': [61.2, 36.7, 48.6, 34.9, 49.3, 64.8, 65.5], 'weather_code': [1, 1, 3, 3, 3, 3, 3]}}"
Taourirt,34.41,-2.89,Morocco,MA,Oriental,,321876,321876,34.41,-2.89,"{'latitude': 34.4375, 'longitude': -2.875, 'generationtime_ms': 0.37741661071777305, 'utc_offset_seconds': 0, 'timezone': 'GMT', 'timezone_abbreviation': 'GMT', 'elevation': 401.0, 'daily_units': {'time': 'iso8601', 'temperature_2m_max': '°C', 'temperature_2m_min': '°C', 'precipitation_sum': 'mm', 'precipitation_probability_max': '%', 'wind_speed_10m_max': 'km/h', 'wind_gusts_10m_max': 'km/h', 'weather_code': 'wmo code'}, 'daily': {'time': ['2026-09-14', '2026-09-15', '2026-09-16', '2026-09-17', '2026-09-18', '2026-09-19', '2026-09-20'], 'temperature_2m_max': [31.5, 32.2, 34.0, 29.9, 29.0, 31.7, 31.7], 'temperature_2m_min': [19.2, 18.9, 18.4, 19.8, 18.5, 18.7, 19.9], 'precipitation_sum': [0.0, 0.0, 0.0, 0.0, 0.0, 0.0, 0.0], 'precipitation_probability_max': [0, 0, 0, 11, 13, 6, 5], 'wind_speed_10m_max': [24.5, 23.6, 23.4, 26.2, 26.8, 17.7, 21.8], 'wind_gusts_10m_max': [40.7, 38.2, 37.4, 46.4, 48.6, 30.6, 35.3], 'weather_code': [1, 3, 1, 3, 45, 3, 45]}}"
Taroudannt,30.4711,-8.8778,Morocco,MA,Souss-Massa,,83496,83496,30.4711,-8.8778,"{'latitude': 30.5, 'longitude': -8.875, 'generationtime_ms': 0.38313865661621005, 'utc_offset_seconds': 0, 'timezone': 'GMT', 'timezone_abbreviation': 'GMT', 'elevation': 238.0, 'daily_units': {'time': 'iso8601', 'temperature_2m_max': '°C', 'temperature_2m_min': '°C', 'precipitation_sum': 'mm', 'precipitation_probability_max': '%', 'wind_speed_10m_max': 'km/h', 'wind_gusts_10m_max': 'km/h', 'weather_code': 'wmo code'}, 'daily': {'time': ['2026-09-14', '2026-09-15', '2026-09-16', '2026-09-17', '2026-09-18', '2026-09-19', '2026-09-20'], 'temperature_2m_max': [41.9, 41.1, 36.5, 30.4, 30.5, 38.4, 42.0], 'temperature_2m_min': [26.1, 26.4, 22.5, 18.7, 17.8, 17.7, 24.0], 'precipitation_sum': [0.0, 0.0, 0.0, 0.0, 0.0, 0.0, 0.0], 'precipitation_probability_max': [3, 3, 0, 3, 8, 3, 0], 'wind_speed_10m_max': [22.0, 27.4, 24.9, 25.3, 23.2, 18.9, 24.0], 'wind_gusts_10m_max': [42.5, 56.9, 49.0, 52.2, 50.0, 36.7, 47.5], 'weather_code': [3, 3, 0, 45, 1, 45, 2]}}"
Taza,34.2144,-4.0088,Morocco,MA,Fès-Meknès,,148406,148406,34.2144,-4.0088,"{'latitude': 34.25, 'longitude': -4.0, 'generationtime_ms': 0.19598007202148401, 'utc_offset_seconds': 0, 'timezone': 'GMT', 'timezone_abbreviation': 'GMT', 'elevation': 516.0, 'daily_units': {'time': 'iso8601', 'temperature_2m_max': '°C', 'temperature_2m_min': '°C', 'precipitation_sum': 'mm', 'precipitation_probability_max': '%', 'wind_speed_10m_max': 'km/h', 'wind_gusts_10m_max': 'km/h', 'weather_code': 'wmo code'}, 'daily': {'time': ['2026-09-14', '2026-09-15', '2026-09-16', '2026-09-17', '2026-09-18', '2026-09-19', '2026-09-20'], 'temperature_2m_max': [32.1, 33.2, 30.5, 29.4, 29.0, 32.6, 33.2], 'temperature_2m_min': [20.4, 19.5, 19.3, 18.2, 17.2, 19.0, 20.7], 'precipitation_sum': [0.0, 0.0, 0.0, 0.0, 0.0, 0.0, 0.0], 'precipitation_probability_max': [0, 0, 0, 5, 5, 8, 8], 'wind_speed_10m_max': [18.2, 15.7, 24.1, 19.3, 19.2, 17.6, 19.9], 'wind_gusts_10m_max': [36.4, 33.1, 50.4, 42.1, 41.4, 39.6, 37.8], 'weather_code': [1, 3, 1, 3, 3, 3, 1]}}"
Temara,33.9234,-6.9076,Morocco,MA,Rabat-Salé-Kénitra,,297098,297098,33.9234,-6.9076,"{'latitude': 33.9375, 'longitude': -6.875, 'generationtime_ms': 0.34046173095703103, 'utc_offset_seconds': 0, 'timezone': 'GMT', 'timezone_abbreviation': 'GMT', 'elevation': 74.0, 'daily_units': {'time': 'iso8601', 'temperature_2m_max': '°C', 'temperature_2m_min': '°C', 'precipitation_sum': 'mm', 'precipitation_probability_max': '%', 'wind_speed_10m_max': 'km/h', 'wind_gusts_10m_max': 'km/h', 'weather_code': 'wmo code'}, 'daily': {'time': ['2026-09-14', '2026-09-15', '2026-09-16', '2026-09-17', '2026-09-18', '2026-09-19', '2026-09-20'], 'temperature_2m_max': [33.4, 27.6, 25.6, 25.7, 26.4, 25.8, 29.3], 'temperature_2m_min': [22.9, 21.1, 20.3, 18.5, 16.4, 17.5, 20.7], 'precipitation_sum': [0.0, 0.0, 0.0, 0.0, 0.0, 0.0, 0.0], 'precipitation_probability_max': [0, 0, 0, 0, 0, 3, 3], 'wind_speed_10m_max': [11.0, 13.2, 15.9, 12.4, 14.8, 12.6, 13.8], 'wind_gusts_10m_max': [29.9, 36.0, 41.0, 33.1, 38.9, 27.0, 27.7], 'weather_code': [1, 1, 2, 3, 45, 2, 0]}}"
Temsia,30.3633,-9.4144,Morocco,MA,Souss-Massa,,52663,52663,30.3633,-9.4144,"{'latitude': 30.375, 'longitude': -9.4375, 'generationtime_ms': 1.187324523925781, 'utc_offset_seconds': 0, 'timezone': 'GMT', 'timezone_abbreviation': 'GMT', 'elevation': 52.0, 'daily_units': {'time': 'iso8601', 'temperature_2m_max': '°C', 'temperature_2m_min': '°C', 'precipitation_sum': 'mm', 'precipitation_probability_max': '%', 'wind_speed_10m_max': 'km/h', 'wind_gusts_10m_max': 'km/h', 'weather_code': 'wmo code'}, 'daily': {'time': ['2026-09-14', '2026-09-15', '2026-09-16', '2026-09-17', '2026-09-18', '2026-09-19', '2026-09-20'], 'temperature_2m_max': [40.8, 36.7, 31.0, 27.8, 27.6, 35.6, 40.9], 'temperature_2m_min': [26.0, 25.6, 22.2, 20.4, 19.6, 19.3, 24.3], 'precipitation_sum': [0.0, 0.2, 0.0, 0.0, 0.0, 0.0, 0.0], 'precipitation_probability_max': [5, 5, 0, 3, 3, 3, 0], 'wind_speed_10m_max': [21.5, 18.3, 20.9, 20.8, 20.3, 17.8, 28.8], 'wind_gusts_10m_max': [43.9, 39.2, 45.0, 42.8, 42.8, 31.7, 50.0], 'weather_code': [3, 3, 1, 2, 3, 2, 2]}}"
Tifariti,26.158,-10.567,Morocco,MA,Laâyoune-Sakia El Hamra,primary,3000,3000,26.158,-10.567,"{'latitude': 26.18629, 'longitude': -10.559204, 'generationtime_ms': 0.15425682067871002, 'utc_offset_seconds': 0, 'timezone': 'GMT', 'timezone_abbreviation': 'GMT', 'elevation': 486.0, 'daily_units': {'time': 'iso8601', 'temperature_2m_max': '°C', 'temperature_2m_min': '°C', 'precipitation_sum': 'mm', 'precipitation_probability_max': '%', 'wind_speed_10m_max': 'km/h', 'wind_gusts_10m_max': 'km/h', 'weather_code': 'wmo code'}, 'daily': {'time': ['2026-09-14', '2026-09-15', '2026-09-16', '2026-09-17', '2026-09-18', '2026-09-19', '2026-09-20'], 'temperature_2m_max': [35.9, 36.6, 36.8, 31.5, 29.1, 33.0, 35.6], 'temperature_2m_min': [25.6, 24.3, 21.8, 17.9, 16.3, 16.1, 21.3], 'precipitation_sum': [2.0, 0.5, 0.0, 0.0, 0.0, 0.0, 4.6], 'precipitation_probability_max': [39, 0, 0, 0, 0, 0, 2], 'wind_speed_10m_max': [30.8, 18.9, 30.0, 33.5, 30.3, 18.3, 33.8], 'wind_gusts_10m_max': [47.2, 29.5, 45.4, 52.6, 47.9, 33.5, 50.8], 'weather_code': [53, 51, 0, 0, 3, 3, 53]}}"
Tiflet,33.9,-6.33,Morocco,MA,Rabat-Salé-Kénitra,,103850,103850,33.9,-6.33,"{'latitude': 33.875, 'longitude': -6.3125, 'generationtime_ms': 0.26082992553710904, 'utc_offset_seconds': 0, 'timezone': 'GMT', 'timezone_abbreviation': 'GMT', 'elevation': 337.0, 'daily_units': {'time': 'iso8601', 'temperature_2m_max': '°C', 'temperature_2m_min': '°C', 'precipitation_sum': 'mm', 'precipitation_probability_max': '%', 'wind_speed_10m_max': 'km/h', 'wind_gusts_10m_max': 'km/h', 'weather_code': 'wmo code'}, 'daily': {'time': ['2026-09-14', '2026-09-15', '2026-09-16', '2026-09-17', '2026-09-18', '2026-09-19', '2026-09-20'], 'temperature_2m_max': [38.5, 33.4, 28.7, 27.0, 30.1, 34.9, 38.2], 'temperature_2m_min': [25.4, 21.6, 18.7, 16.3, 15.2, 18.8, 20.8], 'precipitation_sum': [0.0, 0.0, 0.0, 0.0, 0.0, 0.0, 0.0], 'precipitation_probability_max': [0, 0, 0, 0, 3, 3, 3], 'wind_speed_10m_max': [18.8, 18.9, 19.6, 14.5, 15.5, 14.1, 18.1], 'wind_gusts_10m_max': [37.4, 38.2, 39.6, 29.9, 37.1, 33.1, 38.2], 'weather_code': [1, 1, 2, 3, 3, 3, 3]}}"
Tineghir,31.5147,-5.5328,Morocco,MA,Drâa-Tafilalet,,44239,44239,31.5147,-5.5328,"{'latitude': 31.5, 'longitude': -5.5625, 'generationtime_ms': 1.054763793945312, 'utc_offset_seconds': 0, 'timezone': 'GMT', 'timezone_abbreviation': 'GMT', 'elevation': 1280.0, 'daily_units': {'time': 'iso8601', 'temperature_2m_max': '°C', 'temperature_2m_min': '°C', 'precipitation_sum': 'mm', 'precipitation_probability_max': '%', 'wind_speed_10m_max': 'km/h', 'wind_gusts_10m_max': 'km/h', 'weather_code': 'wmo code'}, 'daily': {'time': ['2026-09-14', '2026-09-15', '2026-09-16', '2026-09-17', '2026-09-18', '2026-09-19', '2026-09-20'], 'temperature_2m_max': [33.6, 30.7, 31.2, 31.5, 31.3, 27.8, 30.6], 'temperature_2m_min': [21.2, 20.2, 17.0, 17.6, 18.7, 19.8, 18.0], 'precipitation_sum': [0.0, 2.2, 0.0, 0.0, 0.0, 0.6000000000000001, 0.0], 'precipitation_probability_max': [5, 23, 0, 26, 43, 23, 15], 'wind_speed_10m_max': [18.4, 20.1, 28.7, 20.6, 12.2, 13.0, 14.8], 'wind_gusts_10m_max': [30.2, 50.8, 44.3, 33.1, 26.3, 26.3, 23.4], 'weather_code': [3, 61, 1, 3, 3, 3, 1]}}"
Tit Mellil,33.5533,-7.4822,Morocco,MA,Casablanca-Settat,,56019,56019,33.5533,-7.4822,"{'latitude': 33.5625, 'longitude': -7.5, 'generationtime_ms': 0.330686569213867, 'utc_offset_seconds': 0, 'timezone': 'GMT', 'timezone_abbreviation': 'GMT', 'elevation': 125.0, 'daily_units': {'time': 'iso8601', 'temperature_2m_max': '°C', 'temperature_2m_min': '°C', 'precipitation_sum': 'mm', 'precipitation_probability_max': '%', 'wind_speed_10m_max': 'km/h', 'wind_gusts_10m_max': 'km/h', 'weather_code': 'wmo code'}, 'daily': {'time': ['2026-09-14', '2026-09-15', '2026-09-16', '2026-09-17', '2026-09-18', '2026-09-19', '2026-09-20'], 'temperature_2m_max': [34.4, 29.2, 26.1, 26.1, 26.1, 28.0, 31.1], 'temperature_2m_min': [23.3, 21.2, 20.1, 18.7, 16.9, 19.1, 20.5], 'precipitation_sum': [0.0, 0.0, 0.0, 0.0, 0.0, 0.0, 0.0], 'precipitation_probability_max': [0, 0, 0, 3, 3, 3, 3], 'wind_speed_10m_max': [12.4, 14.0, 15.9, 13.5, 16.6, 13.1, 13.3], 'wind_gusts_10m_max': [33.1, 36.4, 41.0, 35.6, 41.8, 34.9, 35.3], 'weather_code': [2, 45, 3, 3, 45, 45, 45]}}"
Tiznit,29.7,-9.7269,Morocco,MA,Souss-Massa,,196348,196348,29.7,-9.7269,"{'latitude': 29.6875, 'longitude': -9.75, 'generationtime_ms': 0.20587444305419902, 'utc_offset_seconds': 0, 'timezone': 'GMT', 'timezone_abbreviation': 'GMT', 'elevation': 240.0, 'daily_units': {'time': 'iso8601', 'temperature_2m_max': '°C', 'temperature_2m_min': '°C', 'precipitation_sum': 'mm', 'precipitation_probability_max': '%', 'wind_speed_10m_max': 'km/h', 'wind_gusts_10m_max': 'km/h', 'weather_code': 'wmo code'}, 'daily': {'time': ['2026-09-14', '2026-09-15', '2026-09-16', '2026-09-17', '2026-09-18', '2026-09-19', '2026-09-20'], 'temperature_2m_max': [39.9, 36.0, 31.6, 24.2, 24.9, 28.4, 31.2], 'temperature_2m_min': [29.5, 27.3, 21.1, 19.4, 19.2, 19.4, 23.3], 'precipitation_sum': [0.1, 0.0, 0.0, 0.0, 0.0, 0.0, 0.0], 'precipitation_probability_max': [8, 0, 0, 0, 0, 0, 0], 'wind_speed_10m_max': [27.9, 20.0, 22.5, 23.2, 22.3, 15.6, 17.0], 'wind_gusts_10m_max': [46.4, 32.4, 38.2, 38.2, 37.1, 25.9, 29.2], 'weather_code': [3, 0, 1, 3, 3, 2, 1]}}"
Tétouan,35.5667,-5.3667,Morocco,MA,Tanger-Tétouan-Al Hoceïma,,422757,422757,35.5667,-5.3667,"{'latitude': 35.5625, 'longitude': -5.375, 'generationtime_ms': 0.21696090698242101, 'utc_offset_seconds': 0, 'timezone': 'GMT', 'timezone_abbreviation': 'GMT', 'elevation': 66.0, 'daily_units': {'time': 'iso8601', 'temperature_2m_max': '°C', 'temperature_2m_min': '°C', 'precipitation_sum': 'mm', 'precipitation_probability_max': '%', 'wind_speed_10m_max': 'km/h', 'wind_gusts_10m_max': 'km/h', 'weather_code': 'wmo code'}, 'daily': {'time': ['2026-09-14', '2026-09-15', '2026-09-16', '2026-09-17', '2026-09-18', '2026-09-19', '2026-09-20'], 'temperature_2m_max': [26.9, 28.2, 33.7, 27.9, 26.4, 27.1, 26.7], 'temperature_2m_min': [22.1, 20.1, 18.3, 17.5, 17.2, 21.7, 22.9], 'precipitation_sum': [0.0, 0.0, 0.0, 0.0, 0.0, 0.0, 0.0], 'precipitation_probability_max': [0, 0, 0, 3, 8, 3, 5], 'wind_speed_10m_max': [18.1, 13.0, 25.3, 11.3, 20.3, 27.8, 26.5], 'wind_gusts_10m_max': [46.4, 34.6, 58.7, 27.4, 46.1, 56.5, 62.3], 'weather_code': [2, 2, 1, 3, 3, 3, 3]}}"
Warzat,30.9167,-6.9167,Morocco,MA,Drâa-Tafilalet,,79218,79218,30.9167,-6.9167000000000005,"{'latitude': 30.9375, 'longitude': -6.9375, 'generationtime_ms': 1.576542854309082, 'utc_offset_seconds': 0, 'timezone': 'GMT', 'timezone_abbreviation': 'GMT', 'elevation': 1126.0, 'daily_units': {'time': 'iso8601', 'temperature_2m_max': '°C', 'temperature_2m_min': '°C', 'precipitation_sum': 'mm', 'precipitation_probability_max': '%', 'wind_speed_10m_max': 'km/h', 'wind_gusts_10m_max': 'km/h', 'weather_code': 'wmo code'}, 'daily': {'time': ['2026-09-14', '2026-09-15', '2026-09-16', '2026-09-17', '2026-09-18', '2026-09-19', '2026-09-20'], 'temperature_2m_max': [34.4, 32.9, 32.8, 33.2, 33.5, 30.1, 32.8], 'temperature_2m_min': [19.7, 21.3, 17.2, 16.5, 17.9, 19.1, 19.8], 'precipitation_sum': [0.0, 0.1, 0.0, 0.0, 0.0, 0.0, 0.0], 'precipitation_probability_max': [5, 18, 0, 10, 29, 25, 13], 'wind_speed_10m_max': [21.6, 28.7, 24.6, 10.7, 10.8, 16.1, 18.1], 'wind_gusts_10m_max': [37.1, 59.0, 42.1, 20.5, 19.4, 29.9, 31.0], 'weather_code': [3, 3, 0, 2, 3, 3, 3]}}"
Youssoufia,32.25,-8.53,Morocco,MA,Marrakech-Safi,,65669,65669,32.25,-8.53,"{'latitude': 32.25, 'longitude': -8.5, 'generationtime_ms': 0.353097915649414, 'utc_offset_seconds': 0, 'timezone': 'GMT', 'timezone_abbreviation': 'GMT', 'elevation': 295.0, 'daily_units': {'time': 'iso8601', 'temperature_2m_max': '°C', 'temperature_2m_min': '°C', 'precipitation_sum': 'mm', 'precipitation_probability_max': '%', 'wind_speed_10m_max': 'km/h', 'wind_gusts_10m_max': 'km/h', 'weather_code': 'wmo code'}, 'daily': {'time': ['2026-09-14', '2026-09-15', '2026-09-16', '2026-09-17', '2026-09-18', '2026-09-19', '2026-09-20'], 'temperature_2m_max': [40.3, 37.1, 31.6, 28.0, 30.6, 35.3, 38.8], 'temperature_2m_min': [26.9, 22.8, 18.8, 17.2, 16.9, 17.3, 22.2], 'precipitation_sum': [0.0, 0.0, 0.0, 0.0, 0.0, 0.6000000000000001, 0.0], 'precipitation_probability_max': [0, 3, 0, 3, 3, 5, 5], 'wind_speed_10m_max': [24.3, 24.5, 21.9, 17.7, 18.6, 13.8, 20.8], 'wind_gusts_10m_max': [49.0, 49.3, 43.9, 36.7, 36.7, 28.8, 47.5], 'weather_code': [2, 2, 1, 2, 45, 80, 3]}}"
Zagora,30.3316,-5.8376,Morocco,MA,Drâa-Tafilalet,,42294,42294,30.3316,-5.8376,"{'latitude': 30.3125, 'longitude': -5.8125, 'generationtime_ms': 1.14452838897705, 'utc_offset_seconds': 0, 'timezone': 'GMT', 'timezone_abbreviation': 'GMT', 'elevation': 733.0, 'daily_units': {'time': 'iso8601', 'temperature_2m_max': '°C', 'temperature_2m_min': '°C', 'precipitation_sum': 'mm', 'precipitation_probability_max': '%', 'wind_speed_10m_max': 'km/h', 'wind_gusts_10m_max': 'km/h', 'weather_code': 'wmo code'}, 'daily': {'time': ['2026-09-14', '2026-09-15', '2026-09-16', '2026-09-17', '2026-09-18', '2026-09-19', '2026-09-20'], 'temperature_2m_max': [38.5, 35.3, 37.2, 36.9, 36.8, 33.9, 35.7], 'temperature_2m_min': [24.1, 27.9, 23.1, 24.0, 23.8, 24.0, 25.9], 'precipitation_sum': [0.0, 0.1, 0.0, 0.0, 0.0, 0.0, 0.0], 'precipitation_probability_max': [5, 13, 0, 3, 10, 13, 0], 'wind_speed_10m_max': [15.9, 16.3, 14.0, 20.5, 16.6, 25.6, 19.1], 'wind_gusts_10m_max': [27.7, 31.0, 23.8, 32.0, 26.3, 39.6, 30.6], 'weather_code': [3, 3, 1, 2, 2, 2, 3]}}"
Zawyat ech Cheïkh,32.6541,-5.9214,Morocco,MA,Béni Mellal-Khénifra,,25088,25088,32.6541,-5.9214,"{'latitude': 32.6875, 'longitude': -5.9375, 'generationtime_ms': 0.229120254516601, 'utc_offset_seconds': 0, 'timezone': 'GMT', 'timezone_abbreviation': 'GMT', 'elevation': 657.0, 'daily_units': {'time': 'iso8601', 'temperature_2m_max': '°C', 'temperature_2m_min': '°C', 'precipitation_sum': 'mm', 'precipitation_probability_max': '%', 'wind_speed_10m_max': 'km/h', 'wind_gusts_10m_max': 'km/h', 'weather_code': 'wmo code'}, 'daily': {'time': ['2026-09-14', '2026-09-15', '2026-09-16', '2026-09-17', '2026-09-18', '2026-09-19', '2026-09-20'], 'temperature_2m_max': [38.1, 36.0, 32.1, 30.2, 32.3, 34.1, 36.7], 'temperature_2m_min': [19.3, 19.6, 17.3, 17.1, 14.8, 19.5, 19.6], 'precipitation_sum': [0.0, 0.0, 0.0, 0.0, 0.0, 0.30000000000000004, 0.0], 'precipitation_probability_max': [3, 0, 0, 5, 13, 8, 8], 'wind_speed_10m_max': [16.7, 21.0, 14.3, 13.4, 9.5, 10.4, 14.3], 'wind_gusts_10m_max': [46.1, 37.1, 25.9, 27.7, 16.9, 21.2, 31.7], 'weather_code': [3, 3, 1, 3, 2, 3, 2]}}"
Zaïo,34.9396,-2.7334,Morocco,MA,Oriental,,36766,36766,34.9396,-2.7334,"{'latitude': 34.9375, 'longitude': -2.75, 'generationtime_ms': 0.558376312255859, 'utc_offset_seconds': 0, 'timezone': 'GMT', 'timezone_abbreviation': 'GMT', 'elevation': 186.0, 'daily_units': {'time': 'iso8601', 'temperature_2m_max': '°C', 'temperature_2m_min': '°C', 'precipitation_sum': 'mm', 'precipitation_probability_max': '%', 'wind_speed_10m_max': 'km/h', 'wind_gusts_10m_max': 'km/h', 'weather_code': 'wmo code'}, 'daily': {'time': ['2026-09-14', '2026-09-15', '2026-09-16', '2026-09-17', '2026-09-18', '2026-09-19', '2026-09-20'], 'temperature_2m_max': [29.6, 29.6, 33.2, 27.6, 27.8, 28.7, 29.1], 'temperature_2m_min': [19.7, 18.7, 18.4, 19.4, 18.9, 19.8, 20.3], 'precipitation_sum': [0.0, 0.0, 0.0, 0.0, 0.0, 0.0, 0.0], 'precipitation_probability_max': [0, 0, 0, 10, 10, 5, 3], 'wind_speed_10m_max': [13.2, 9.9, 15.2, 12.8, 15.7, 19.7, 19.8], 'wind_gusts_10m_max': [34.6, 24.1, 34.2, 32.8, 36.0, 34.6, 35.6], 'weather_code': [45, 45, 0, 45, 45, 3, 45]}}"
Zeghanghane,35.1575,-3.0017,Morocco,MA,Oriental,,31431,31431,35.1575,-3.0017,"{'latitude': 35.125, 'longitude': -3.0, 'generationtime_ms': 0.253915786743164, 'utc_offset_seconds': 0, 'timezone': 'GMT', 'timezone_abbreviation': 'GMT', 'elevation': 107.0, 'daily_units': {'time': 'iso8601', 'temperature_2m_max': '°C', 'temperature_2m_min': '°C', 'precipitation_sum': 'mm', 'precipitation_probability_max': '%', 'wind_speed_10m_max': 'km/h', 'wind_gusts_10m_max': 'km/h', 'weather_code': 'wmo code'}, 'daily': {'time': ['2026-09-14', '2026-09-15', '2026-09-16', '2026-09-17', '2026-09-18', '2026-09-19', '2026-09-20'], 'temperature_2m_max': [26.8, 27.8, 31.8, 26.9, 26.3, 27.9, 27.9], 'temperature_2m_min': [21.3, 19.3, 17.6, 20.0, 19.4, 21.6, 21.6], 'precipitation_sum': [0.0, 0.0, 0.0, 0.0, 0.0, 0.0, 0.0], 'precipitation_probability_max': [0, 0, 0, 4, 10, 8, 3], 'wind_speed_10m_max': [21.4, 13.8, 13.4, 10.5, 19.5, 18.9, 19.2], 'wind_gusts_10m_max': [40.0, 27.7, 26.3, 22.7, 38.5, 34.6, 35.3], 'weather_code': [2, 45, 1, 3, 3, 3, 3]}}"
